policy_id,policy_label,target_id,target_label,repeat_index,session_id,round_id,round_index,candidate_id,candidate_index,sampler_role,seed,image_path,selected,carried_forward,baseline_prompt,selection_score,clip_score,dinov2_score
carry_forward_baseline,carry-forward baseline,cat_portrait_bw,Black-and-white cat portrait,0,ses_2482a4018ef2,rnd_d57688ba6f5f,1,cand_b2c1b1f9e5da,0,baseline_prompt,349335601,paper\results\oracle_incumbent_policy_compact\runs\carry_forward_baseline\cat_portrait_bw\repeat_1\runtime\artifacts\cand_b2c1b1f9e5da.png,False,False,True,0.813842,0.813842,0.102197
carry_forward_baseline,carry-forward baseline,cat_portrait_bw,Black-and-white cat portrait,0,ses_2482a4018ef2,rnd_d57688ba6f5f,1,cand_d83d3a270513,1,forward_escape,1196845848,paper\results\oracle_incumbent_policy_compact\runs\carry_forward_baseline\cat_portrait_bw\repeat_1\runtime\artifacts\cand_d83d3a270513.png,False,False,False,0.814807,0.814807,0.52728
carry_forward_baseline,carry-forward baseline,cat_portrait_bw,Black-and-white cat portrait,0,ses_2482a4018ef2,rnd_d57688ba6f5f,1,cand_8d6338cc73be,2,lateral_plus,991448404,paper\results\oracle_incumbent_policy_compact\runs\carry_forward_baseline\cat_portrait_bw\repeat_1\runtime\artifacts\cand_8d6338cc73be.png,False,False,False,0.81329,0.81329,0.09919
carry_forward_baseline,carry-forward baseline,cat_portrait_bw,Black-and-white cat portrait,0,ses_2482a4018ef2,rnd_d57688ba6f5f,1,cand_81fae7a1dd18,3,lateral_minus,4262246124,paper\results\oracle_incumbent_policy_compact\runs\carry_forward_baseline\cat_portrait_bw\repeat_1\runtime\artifacts\cand_81fae7a1dd18.png,False,False,False,0.846009,0.846009,0.264925
carry_forward_baseline,carry-forward baseline,cat_portrait_bw,Black-and-white cat portrait,0,ses_2482a4018ef2,rnd_d57688ba6f5f,1,cand_4f787b8a69a8,4,counter_probe,2530087889,paper\results\oracle_incumbent_policy_compact\runs\carry_forward_baseline\cat_portrait_bw\repeat_1\runtime\artifacts\cand_4f787b8a69a8.png,True,False,False,0.880828,0.880828,0.363979
carry_forward_baseline,carry-forward baseline,cat_portrait_bw,Black-and-white cat portrait,0,ses_2482a4018ef2,rnd_5604d4910d5b,2,cand_87343066d4d0,0,incumbent,2530087889,paper\results\oracle_incumbent_policy_compact\runs\carry_forward_baseline\cat_portrait_bw\repeat_1\runtime\artifacts\cand_4f787b8a69a8.png,True,True,False,0.880828,0.880828,0.363979
carry_forward_baseline,carry-forward baseline,cat_portrait_bw,Black-and-white cat portrait,0,ses_2482a4018ef2,rnd_5604d4910d5b,2,cand_065537c525b7,1,forward_escape,4084514207,paper\results\oracle_incumbent_policy_compact\runs\carry_forward_baseline\cat_portrait_bw\repeat_1\runtime\artifacts\cand_065537c525b7.png,False,False,False,0.839524,0.839524,0.313782
carry_forward_baseline,carry-forward baseline,cat_portrait_bw,Black-and-white cat portrait,0,ses_2482a4018ef2,rnd_5604d4910d5b,2,cand_94472015f839,2,lateral_plus,548365302,paper\results\oracle_incumbent_policy_compact\runs\carry_forward_baseline\cat_portrait_bw\repeat_1\runtime\artifacts\cand_94472015f839.png,False,False,False,0.840663,0.840663,0.41125
carry_forward_baseline,carry-forward baseline,cat_portrait_bw,Black-and-white cat portrait,0,ses_2482a4018ef2,rnd_5604d4910d5b,2,cand_e1934b513c7b,3,lateral_minus,4149774212,paper\results\oracle_incumbent_policy_compact\runs\carry_forward_baseline\cat_portrait_bw\repeat_1\runtime\artifacts\cand_e1934b513c7b.png,False,False,False,0.878648,0.878648,0.197487
carry_forward_baseline,carry-forward baseline,cat_portrait_bw,Black-and-white cat portrait,0,ses_2482a4018ef2,rnd_5604d4910d5b,2,cand_6e8fbf8d6ffe,4,counter_probe,2910073556,paper\results\oracle_incumbent_policy_compact\runs\carry_forward_baseline\cat_portrait_bw\repeat_1\runtime\artifacts\cand_6e8fbf8d6ffe.png,False,False,False,0.845461,0.845461,0.369871
carry_forward_baseline,carry-forward baseline,cat_portrait_bw,Black-and-white cat portrait,0,ses_2482a4018ef2,rnd_f86e47d86e83,3,cand_0042b9eb43b2,0,incumbent,2530087889,paper\results\oracle_incumbent_policy_compact\runs\carry_forward_baseline\cat_portrait_bw\repeat_1\runtime\artifacts\cand_4f787b8a69a8.png,True,True,False,0.880828,0.880828,0.363979
carry_forward_baseline,carry-forward baseline,cat_portrait_bw,Black-and-white cat portrait,0,ses_2482a4018ef2,rnd_f86e47d86e83,3,cand_330b6ab890d8,1,forward_escape,578211612,paper\results\oracle_incumbent_policy_compact\runs\carry_forward_baseline\cat_portrait_bw\repeat_1\runtime\artifacts\cand_330b6ab890d8.png,False,False,False,0.840336,0.840336,0.188935
carry_forward_baseline,carry-forward baseline,cat_portrait_bw,Black-and-white cat portrait,0,ses_2482a4018ef2,rnd_f86e47d86e83,3,cand_99d8eef3498f,2,lateral_plus,895658226,paper\results\oracle_incumbent_policy_compact\runs\carry_forward_baseline\cat_portrait_bw\repeat_1\runtime\artifacts\cand_99d8eef3498f.png,False,False,False,0.823037,0.823037,0.262631
carry_forward_baseline,carry-forward baseline,cat_portrait_bw,Black-and-white cat portrait,0,ses_2482a4018ef2,rnd_f86e47d86e83,3,cand_ba1937b1f75b,3,lateral_minus,1081934634,paper\results\oracle_incumbent_policy_compact\runs\carry_forward_baseline\cat_portrait_bw\repeat_1\runtime\artifacts\cand_ba1937b1f75b.png,False,False,False,0.831094,0.831094,0.314531
carry_forward_baseline,carry-forward baseline,cat_portrait_bw,Black-and-white cat portrait,0,ses_2482a4018ef2,rnd_f86e47d86e83,3,cand_6784794cf6e1,4,counter_probe,1405519496,paper\results\oracle_incumbent_policy_compact\runs\carry_forward_baseline\cat_portrait_bw\repeat_1\runtime\artifacts\cand_6784794cf6e1.png,False,False,False,0.839116,0.839116,0.142101
carry_forward_baseline,carry-forward baseline,cat_portrait_bw,Black-and-white cat portrait,0,ses_2482a4018ef2,rnd_3cdf8d73a551,4,cand_c1ec78057909,0,incumbent,2530087889,paper\results\oracle_incumbent_policy_compact\runs\carry_forward_baseline\cat_portrait_bw\repeat_1\runtime\artifacts\cand_4f787b8a69a8.png,False,True,False,0.880828,0.880828,0.363979
carry_forward_baseline,carry-forward baseline,cat_portrait_bw,Black-and-white cat portrait,0,ses_2482a4018ef2,rnd_3cdf8d73a551,4,cand_f7a58eff9151,1,forward_escape,741618227,paper\results\oracle_incumbent_policy_compact\runs\carry_forward_baseline\cat_portrait_bw\repeat_1\runtime\artifacts\cand_f7a58eff9151.png,False,False,False,0.824362,0.824362,0.305704
carry_forward_baseline,carry-forward baseline,cat_portrait_bw,Black-and-white cat portrait,0,ses_2482a4018ef2,rnd_3cdf8d73a551,4,cand_40dafb9a751d,2,lateral_plus,3684565252,paper\results\oracle_incumbent_policy_compact\runs\carry_forward_baseline\cat_portrait_bw\repeat_1\runtime\artifacts\cand_40dafb9a751d.png,False,False,False,0.84012,0.84012,0.450912
carry_forward_baseline,carry-forward baseline,cat_portrait_bw,Black-and-white cat portrait,0,ses_2482a4018ef2,rnd_3cdf8d73a551,4,cand_cdb9dd4783c6,3,lateral_minus,4197765687,paper\results\oracle_incumbent_policy_compact\runs\carry_forward_baseline\cat_portrait_bw\repeat_1\runtime\artifacts\cand_cdb9dd4783c6.png,False,False,False,0.813601,0.813601,0.134697
carry_forward_baseline,carry-forward baseline,cat_portrait_bw,Black-and-white cat portrait,0,ses_2482a4018ef2,rnd_3cdf8d73a551,4,cand_3a32d716250b,4,counter_probe,1325516386,paper\results\oracle_incumbent_policy_compact\runs\carry_forward_baseline\cat_portrait_bw\repeat_1\runtime\artifacts\cand_3a32d716250b.png,True,False,False,0.881225,0.881225,0.526272
carry_forward_baseline,carry-forward baseline,cat_portrait_bw,Black-and-white cat portrait,0,ses_2482a4018ef2,rnd_d7e03a8bcf44,5,cand_303d82891a01,0,incumbent,1325516386,paper\results\oracle_incumbent_policy_compact\runs\carry_forward_baseline\cat_portrait_bw\repeat_1\runtime\artifacts\cand_3a32d716250b.png,True,True,False,0.881225,0.881225,0.526272
carry_forward_baseline,carry-forward baseline,cat_portrait_bw,Black-and-white cat portrait,0,ses_2482a4018ef2,rnd_d7e03a8bcf44,5,cand_93f60302b80b,1,forward_escape,2533662222,paper\results\oracle_incumbent_policy_compact\runs\carry_forward_baseline\cat_portrait_bw\repeat_1\runtime\artifacts\cand_93f60302b80b.png,False,False,False,0.83274,0.83274,0.060543
carry_forward_baseline,carry-forward baseline,cat_portrait_bw,Black-and-white cat portrait,0,ses_2482a4018ef2,rnd_d7e03a8bcf44,5,cand_bce348fa3968,2,lateral_plus,463189500,paper\results\oracle_incumbent_policy_compact\runs\carry_forward_baseline\cat_portrait_bw\repeat_1\runtime\artifacts\cand_bce348fa3968.png,False,False,False,0.843458,0.843458,0.48889
carry_forward_baseline,carry-forward baseline,cat_portrait_bw,Black-and-white cat portrait,0,ses_2482a4018ef2,rnd_d7e03a8bcf44,5,cand_a71b77e5bbbb,3,lateral_minus,2903355392,paper\results\oracle_incumbent_policy_compact\runs\carry_forward_baseline\cat_portrait_bw\repeat_1\runtime\artifacts\cand_a71b77e5bbbb.png,False,False,False,0.880596,0.880596,0.226114
carry_forward_baseline,carry-forward baseline,cat_portrait_bw,Black-and-white cat portrait,0,ses_2482a4018ef2,rnd_d7e03a8bcf44,5,cand_f7ed6c543303,4,counter_probe,657002683,paper\results\oracle_incumbent_policy_compact\runs\carry_forward_baseline\cat_portrait_bw\repeat_1\runtime\artifacts\cand_f7ed6c543303.png,False,False,False,0.805783,0.805783,0.202494
carry_forward_baseline,carry-forward baseline,cat_portrait_bw,Black-and-white cat portrait,0,ses_2482a4018ef2,rnd_737a26e95b12,6,cand_64427321755b,0,incumbent,1325516386,paper\results\oracle_incumbent_policy_compact\runs\carry_forward_baseline\cat_portrait_bw\repeat_1\runtime\artifacts\cand_3a32d716250b.png,True,True,False,0.881225,0.881225,0.526272
carry_forward_baseline,carry-forward baseline,cat_portrait_bw,Black-and-white cat portrait,0,ses_2482a4018ef2,rnd_737a26e95b12,6,cand_881ef8fd3438,1,forward_escape,2219180012,paper\results\oracle_incumbent_policy_compact\runs\carry_forward_baseline\cat_portrait_bw\repeat_1\runtime\artifacts\cand_881ef8fd3438.png,False,False,False,0.831204,0.831204,0.437815
carry_forward_baseline,carry-forward baseline,cat_portrait_bw,Black-and-white cat portrait,0,ses_2482a4018ef2,rnd_737a26e95b12,6,cand_3d12b64811b2,2,lateral_plus,2775471994,paper\results\oracle_incumbent_policy_compact\runs\carry_forward_baseline\cat_portrait_bw\repeat_1\runtime\artifacts\cand_3d12b64811b2.png,False,False,False,0.802003,0.802003,0.356907
carry_forward_baseline,carry-forward baseline,cat_portrait_bw,Black-and-white cat portrait,0,ses_2482a4018ef2,rnd_737a26e95b12,6,cand_c2b28995281e,3,lateral_minus,1290192137,paper\results\oracle_incumbent_policy_compact\runs\carry_forward_baseline\cat_portrait_bw\repeat_1\runtime\artifacts\cand_c2b28995281e.png,False,False,False,0.832737,0.832737,0.308966
carry_forward_baseline,carry-forward baseline,cat_portrait_bw,Black-and-white cat portrait,0,ses_2482a4018ef2,rnd_737a26e95b12,6,cand_6ac659014afc,4,counter_probe,160021090,paper\results\oracle_incumbent_policy_compact\runs\carry_forward_baseline\cat_portrait_bw\repeat_1\runtime\artifacts\cand_6ac659014afc.png,False,False,False,0.828691,0.828691,0.158637
carry_forward_baseline,carry-forward baseline,mountain_lake,Mountain lake landscape,0,ses_2bc4abb945a5,rnd_36c63b5b6484,1,cand_3d6891a77ada,0,baseline_prompt,1233304000,paper\results\oracle_incumbent_policy_compact\runs\carry_forward_baseline\mountain_lake\repeat_1\runtime\artifacts\cand_3d6891a77ada.png,False,False,True,0.797807,0.797807,0.418845
carry_forward_baseline,carry-forward baseline,mountain_lake,Mountain lake landscape,0,ses_2bc4abb945a5,rnd_36c63b5b6484,1,cand_cf2206a1d14c,1,forward_escape,2356058423,paper\results\oracle_incumbent_policy_compact\runs\carry_forward_baseline\mountain_lake\repeat_1\runtime\artifacts\cand_cf2206a1d14c.png,True,False,False,0.806691,0.806691,0.356123
carry_forward_baseline,carry-forward baseline,mountain_lake,Mountain lake landscape,0,ses_2bc4abb945a5,rnd_36c63b5b6484,1,cand_7777cfbf51bf,2,lateral_plus,2530580020,paper\results\oracle_incumbent_policy_compact\runs\carry_forward_baseline\mountain_lake\repeat_1\runtime\artifacts\cand_7777cfbf51bf.png,False,False,False,0.76387,0.76387,0.347925
carry_forward_baseline,carry-forward baseline,mountain_lake,Mountain lake landscape,0,ses_2bc4abb945a5,rnd_36c63b5b6484,1,cand_831357360906,3,lateral_minus,3170589695,paper\results\oracle_incumbent_policy_compact\runs\carry_forward_baseline\mountain_lake\repeat_1\runtime\artifacts\cand_831357360906.png,False,False,False,0.752061,0.752061,0.365918
carry_forward_baseline,carry-forward baseline,mountain_lake,Mountain lake landscape,0,ses_2bc4abb945a5,rnd_36c63b5b6484,1,cand_7e54922ef890,4,counter_probe,3735432399,paper\results\oracle_incumbent_policy_compact\runs\carry_forward_baseline\mountain_lake\repeat_1\runtime\artifacts\cand_7e54922ef890.png,False,False,False,0.78955,0.78955,0.405121
carry_forward_baseline,carry-forward baseline,mountain_lake,Mountain lake landscape,0,ses_2bc4abb945a5,rnd_ea46dbdbdd1f,2,cand_f4a785423d87,0,incumbent,2356058423,paper\results\oracle_incumbent_policy_compact\runs\carry_forward_baseline\mountain_lake\repeat_1\runtime\artifacts\cand_cf2206a1d14c.png,False,True,False,0.806691,0.806691,0.356123
carry_forward_baseline,carry-forward baseline,mountain_lake,Mountain lake landscape,0,ses_2bc4abb945a5,rnd_ea46dbdbdd1f,2,cand_5b8953810648,1,forward_escape,2182682398,paper\results\oracle_incumbent_policy_compact\runs\carry_forward_baseline\mountain_lake\repeat_1\runtime\artifacts\cand_5b8953810648.png,True,False,False,0.818514,0.818514,0.290097
carry_forward_baseline,carry-forward baseline,mountain_lake,Mountain lake landscape,0,ses_2bc4abb945a5,rnd_ea46dbdbdd1f,2,cand_c33282577a61,2,lateral_plus,4044292503,paper\results\oracle_incumbent_policy_compact\runs\carry_forward_baseline\mountain_lake\repeat_1\runtime\artifacts\cand_c33282577a61.png,False,False,False,0.777952,0.777952,0.311885
carry_forward_baseline,carry-forward baseline,mountain_lake,Mountain lake landscape,0,ses_2bc4abb945a5,rnd_ea46dbdbdd1f,2,cand_1bc120dbc5fe,3,lateral_minus,4023571496,paper\results\oracle_incumbent_policy_compact\runs\carry_forward_baseline\mountain_lake\repeat_1\runtime\artifacts\cand_1bc120dbc5fe.png,False,False,False,0.799929,0.799929,0.220271
carry_forward_baseline,carry-forward baseline,mountain_lake,Mountain lake landscape,0,ses_2bc4abb945a5,rnd_ea46dbdbdd1f,2,cand_5b3f54d5aea0,4,counter_probe,616020509,paper\results\oracle_incumbent_policy_compact\runs\carry_forward_baseline\mountain_lake\repeat_1\runtime\artifacts\cand_5b3f54d5aea0.png,False,False,False,0.807125,0.807125,0.352883
carry_forward_baseline,carry-forward baseline,mountain_lake,Mountain lake landscape,0,ses_2bc4abb945a5,rnd_2f6b434229e0,3,cand_f3635c4bc8e5,0,incumbent,2182682398,paper\results\oracle_incumbent_policy_compact\runs\carry_forward_baseline\mountain_lake\repeat_1\runtime\artifacts\cand_5b8953810648.png,False,True,False,0.818514,0.818514,0.290097
carry_forward_baseline,carry-forward baseline,mountain_lake,Mountain lake landscape,0,ses_2bc4abb945a5,rnd_2f6b434229e0,3,cand_a78088416909,1,forward_escape,3235210726,paper\results\oracle_incumbent_policy_compact\runs\carry_forward_baseline\mountain_lake\repeat_1\runtime\artifacts\cand_a78088416909.png,False,False,False,0.812606,0.812606,0.337345
carry_forward_baseline,carry-forward baseline,mountain_lake,Mountain lake landscape,0,ses_2bc4abb945a5,rnd_2f6b434229e0,3,cand_27c455a0a0ac,2,lateral_plus,1218252708,paper\results\oracle_incumbent_policy_compact\runs\carry_forward_baseline\mountain_lake\repeat_1\runtime\artifacts\cand_27c455a0a0ac.png,True,False,False,0.840966,0.840966,0.403265
carry_forward_baseline,carry-forward baseline,mountain_lake,Mountain lake landscape,0,ses_2bc4abb945a5,rnd_2f6b434229e0,3,cand_de8e215656fe,3,lateral_minus,2068163328,paper\results\oracle_incumbent_policy_compact\runs\carry_forward_baseline\mountain_lake\repeat_1\runtime\artifacts\cand_de8e215656fe.png,False,False,False,0.828887,0.828887,0.35652
carry_forward_baseline,carry-forward baseline,mountain_lake,Mountain lake landscape,0,ses_2bc4abb945a5,rnd_2f6b434229e0,3,cand_320ef5ec166c,4,counter_probe,789405524,paper\results\oracle_incumbent_policy_compact\runs\carry_forward_baseline\mountain_lake\repeat_1\runtime\artifacts\cand_320ef5ec166c.png,False,False,False,0.768593,0.768593,0.293066
carry_forward_baseline,carry-forward baseline,mountain_lake,Mountain lake landscape,0,ses_2bc4abb945a5,rnd_65faf2f31a50,4,cand_dd7a3ac44d69,0,incumbent,1218252708,paper\results\oracle_incumbent_policy_compact\runs\carry_forward_baseline\mountain_lake\repeat_1\runtime\artifacts\cand_27c455a0a0ac.png,True,True,False,0.840966,0.840966,0.403265
carry_forward_baseline,carry-forward baseline,mountain_lake,Mountain lake landscape,0,ses_2bc4abb945a5,rnd_65faf2f31a50,4,cand_36db92684a4f,1,forward_escape,3795329668,paper\results\oracle_incumbent_policy_compact\runs\carry_forward_baseline\mountain_lake\repeat_1\runtime\artifacts\cand_36db92684a4f.png,False,False,False,0.830549,0.830549,0.357337
carry_forward_baseline,carry-forward baseline,mountain_lake,Mountain lake landscape,0,ses_2bc4abb945a5,rnd_65faf2f31a50,4,cand_794604be2752,2,lateral_plus,2418293084,paper\results\oracle_incumbent_policy_compact\runs\carry_forward_baseline\mountain_lake\repeat_1\runtime\artifacts\cand_794604be2752.png,False,False,False,0.809317,0.809317,0.338988
carry_forward_baseline,carry-forward baseline,mountain_lake,Mountain lake landscape,0,ses_2bc4abb945a5,rnd_65faf2f31a50,4,cand_17b15d9c771b,3,lateral_minus,2033385437,paper\results\oracle_incumbent_policy_compact\runs\carry_forward_baseline\mountain_lake\repeat_1\runtime\artifacts\cand_17b15d9c771b.png,False,False,False,0.815859,0.815859,0.383906
carry_forward_baseline,carry-forward baseline,mountain_lake,Mountain lake landscape,0,ses_2bc4abb945a5,rnd_65faf2f31a50,4,cand_dd865a0356c3,4,counter_probe,633381518,paper\results\oracle_incumbent_policy_compact\runs\carry_forward_baseline\mountain_lake\repeat_1\runtime\artifacts\cand_dd865a0356c3.png,False,False,False,0.826854,0.826854,0.367023
carry_forward_baseline,carry-forward baseline,mountain_lake,Mountain lake landscape,0,ses_2bc4abb945a5,rnd_089747fd7f3d,5,cand_4281e8262ec4,0,incumbent,1218252708,paper\results\oracle_incumbent_policy_compact\runs\carry_forward_baseline\mountain_lake\repeat_1\runtime\artifacts\cand_27c455a0a0ac.png,True,True,False,0.840966,0.840966,0.403265
carry_forward_baseline,carry-forward baseline,mountain_lake,Mountain lake landscape,0,ses_2bc4abb945a5,rnd_089747fd7f3d,5,cand_47a18f0fa601,1,forward_escape,2890652790,paper\results\oracle_incumbent_policy_compact\runs\carry_forward_baseline\mountain_lake\repeat_1\runtime\artifacts\cand_47a18f0fa601.png,False,False,False,0.803786,0.803786,0.319047
carry_forward_baseline,carry-forward baseline,mountain_lake,Mountain lake landscape,0,ses_2bc4abb945a5,rnd_089747fd7f3d,5,cand_809903a924bb,2,lateral_plus,1976208767,paper\results\oracle_incumbent_policy_compact\runs\carry_forward_baseline\mountain_lake\repeat_1\runtime\artifacts\cand_809903a924bb.png,False,False,False,0.832218,0.832218,0.353156
carry_forward_baseline,carry-forward baseline,mountain_lake,Mountain lake landscape,0,ses_2bc4abb945a5,rnd_089747fd7f3d,5,cand_ddcae0415efc,3,lateral_minus,1427877393,paper\results\oracle_incumbent_policy_compact\runs\carry_forward_baseline\mountain_lake\repeat_1\runtime\artifacts\cand_ddcae0415efc.png,False,False,False,0.815453,0.815453,0.42741
carry_forward_baseline,carry-forward baseline,mountain_lake,Mountain lake landscape,0,ses_2bc4abb945a5,rnd_089747fd7f3d,5,cand_09255b991b74,4,counter_probe,3145510441,paper\results\oracle_incumbent_policy_compact\runs\carry_forward_baseline\mountain_lake\repeat_1\runtime\artifacts\cand_09255b991b74.png,False,False,False,0.80367,0.80367,0.444834
carry_forward_baseline,carry-forward baseline,mountain_lake,Mountain lake landscape,0,ses_2bc4abb945a5,rnd_b1c68538532a,6,cand_c4d899af3641,0,incumbent,1218252708,paper\results\oracle_incumbent_policy_compact\runs\carry_forward_baseline\mountain_lake\repeat_1\runtime\artifacts\cand_27c455a0a0ac.png,False,True,False,0.840966,0.840966,0.403265
carry_forward_baseline,carry-forward baseline,mountain_lake,Mountain lake landscape,0,ses_2bc4abb945a5,rnd_b1c68538532a,6,cand_ccc1581afdd0,1,forward_escape,1896947266,paper\results\oracle_incumbent_policy_compact\runs\carry_forward_baseline\mountain_lake\repeat_1\runtime\artifacts\cand_ccc1581afdd0.png,False,False,False,0.825416,0.825416,0.486485
carry_forward_baseline,carry-forward baseline,mountain_lake,Mountain lake landscape,0,ses_2bc4abb945a5,rnd_b1c68538532a,6,cand_70c81057a5d7,2,lateral_plus,1137461418,paper\results\oracle_incumbent_policy_compact\runs\carry_forward_baseline\mountain_lake\repeat_1\runtime\artifacts\cand_70c81057a5d7.png,True,False,False,0.847246,0.847246,0.443102
carry_forward_baseline,carry-forward baseline,mountain_lake,Mountain lake landscape,0,ses_2bc4abb945a5,rnd_b1c68538532a,6,cand_0af29c3a39bb,3,lateral_minus,1822227770,paper\results\oracle_incumbent_policy_compact\runs\carry_forward_baseline\mountain_lake\repeat_1\runtime\artifacts\cand_0af29c3a39bb.png,False,False,False,0.754732,0.754732,0.237329
carry_forward_baseline,carry-forward baseline,mountain_lake,Mountain lake landscape,0,ses_2bc4abb945a5,rnd_b1c68538532a,6,cand_f9a200179d4b,4,counter_probe,1665567570,paper\results\oracle_incumbent_policy_compact\runs\carry_forward_baseline\mountain_lake\repeat_1\runtime\artifacts\cand_f9a200179d4b.png,False,False,False,0.757939,0.757939,0.22781
carry_forward_baseline,carry-forward baseline,red_bicycle,Red bicycle street photo,0,ses_2222e671ca0c,rnd_fcc987848f8d,1,cand_9656d2176eb8,0,baseline_prompt,4111384722,paper\results\oracle_incumbent_policy_compact\runs\carry_forward_baseline\red_bicycle\repeat_1\runtime\artifacts\cand_9656d2176eb8.png,False,False,True,0.829899,0.829899,0.597085
carry_forward_baseline,carry-forward baseline,red_bicycle,Red bicycle street photo,0,ses_2222e671ca0c,rnd_fcc987848f8d,1,cand_01dd72ac228f,1,forward_escape,820728661,paper\results\oracle_incumbent_policy_compact\runs\carry_forward_baseline\red_bicycle\repeat_1\runtime\artifacts\cand_01dd72ac228f.png,False,False,False,0.785887,0.785887,0.590635
carry_forward_baseline,carry-forward baseline,red_bicycle,Red bicycle street photo,0,ses_2222e671ca0c,rnd_fcc987848f8d,1,cand_fa79b0d197b6,2,lateral_plus,213622273,paper\results\oracle_incumbent_policy_compact\runs\carry_forward_baseline\red_bicycle\repeat_1\runtime\artifacts\cand_fa79b0d197b6.png,False,False,False,0.852431,0.852431,0.694559
carry_forward_baseline,carry-forward baseline,red_bicycle,Red bicycle street photo,0,ses_2222e671ca0c,rnd_fcc987848f8d,1,cand_4559f31e5d50,3,lateral_minus,864675507,paper\results\oracle_incumbent_policy_compact\runs\carry_forward_baseline\red_bicycle\repeat_1\runtime\artifacts\cand_4559f31e5d50.png,True,False,False,0.879603,0.879603,0.729358
carry_forward_baseline,carry-forward baseline,red_bicycle,Red bicycle street photo,0,ses_2222e671ca0c,rnd_fcc987848f8d,1,cand_3831d37b276e,4,counter_probe,515026516,paper\results\oracle_incumbent_policy_compact\runs\carry_forward_baseline\red_bicycle\repeat_1\runtime\artifacts\cand_3831d37b276e.png,False,False,False,0.80791,0.80791,0.582284
carry_forward_baseline,carry-forward baseline,red_bicycle,Red bicycle street photo,0,ses_2222e671ca0c,rnd_605e02707bbb,2,cand_d43fdae8e174,0,incumbent,864675507,paper\results\oracle_incumbent_policy_compact\runs\carry_forward_baseline\red_bicycle\repeat_1\runtime\artifacts\cand_4559f31e5d50.png,False,True,False,0.879603,0.879603,0.729358
carry_forward_baseline,carry-forward baseline,red_bicycle,Red bicycle street photo,0,ses_2222e671ca0c,rnd_605e02707bbb,2,cand_879f82ee8d8a,1,forward_escape,3630224417,paper\results\oracle_incumbent_policy_compact\runs\carry_forward_baseline\red_bicycle\repeat_1\runtime\artifacts\cand_879f82ee8d8a.png,False,False,False,0.87659,0.87659,0.746612
carry_forward_baseline,carry-forward baseline,red_bicycle,Red bicycle street photo,0,ses_2222e671ca0c,rnd_605e02707bbb,2,cand_ce0910ee330d,2,lateral_plus,1839032639,paper\results\oracle_incumbent_policy_compact\runs\carry_forward_baseline\red_bicycle\repeat_1\runtime\artifacts\cand_ce0910ee330d.png,True,False,False,0.880099,0.880099,0.702975
carry_forward_baseline,carry-forward baseline,red_bicycle,Red bicycle street photo,0,ses_2222e671ca0c,rnd_605e02707bbb,2,cand_5a3453780aba,3,lateral_minus,3515472189,paper\results\oracle_incumbent_policy_compact\runs\carry_forward_baseline\red_bicycle\repeat_1\runtime\artifacts\cand_5a3453780aba.png,False,False,False,0.82735,0.82735,0.648019
carry_forward_baseline,carry-forward baseline,red_bicycle,Red bicycle street photo,0,ses_2222e671ca0c,rnd_605e02707bbb,2,cand_680c368b05c9,4,counter_probe,276141825,paper\results\oracle_incumbent_policy_compact\runs\carry_forward_baseline\red_bicycle\repeat_1\runtime\artifacts\cand_680c368b05c9.png,False,False,False,0.863903,0.863903,0.699645
carry_forward_baseline,carry-forward baseline,red_bicycle,Red bicycle street photo,0,ses_2222e671ca0c,rnd_645cbfedd15c,3,cand_6b3fb941b050,0,incumbent,1839032639,paper\results\oracle_incumbent_policy_compact\runs\carry_forward_baseline\red_bicycle\repeat_1\runtime\artifacts\cand_ce0910ee330d.png,False,True,False,0.880099,0.880099,0.702975
carry_forward_baseline,carry-forward baseline,red_bicycle,Red bicycle street photo,0,ses_2222e671ca0c,rnd_645cbfedd15c,3,cand_9ad2b227d797,1,forward_escape,3598942024,paper\results\oracle_incumbent_policy_compact\runs\carry_forward_baseline\red_bicycle\repeat_1\runtime\artifacts\cand_9ad2b227d797.png,False,False,False,0.788529,0.788529,0.417125
carry_forward_baseline,carry-forward baseline,red_bicycle,Red bicycle street photo,0,ses_2222e671ca0c,rnd_645cbfedd15c,3,cand_6603fee9e7ed,2,lateral_plus,2788230493,paper\results\oracle_incumbent_policy_compact\runs\carry_forward_baseline\red_bicycle\repeat_1\runtime\artifacts\cand_6603fee9e7ed.png,False,False,False,0.88557,0.88557,0.691448
carry_forward_baseline,carry-forward baseline,red_bicycle,Red bicycle street photo,0,ses_2222e671ca0c,rnd_645cbfedd15c,3,cand_82bd04f6503c,3,lateral_minus,1619264731,paper\results\oracle_incumbent_policy_compact\runs\carry_forward_baseline\red_bicycle\repeat_1\runtime\artifacts\cand_82bd04f6503c.png,True,False,False,0.920003,0.920003,0.745642
carry_forward_baseline,carry-forward baseline,red_bicycle,Red bicycle street photo,0,ses_2222e671ca0c,rnd_645cbfedd15c,3,cand_6ce26ddbb035,4,counter_probe,4109035985,paper\results\oracle_incumbent_policy_compact\runs\carry_forward_baseline\red_bicycle\repeat_1\runtime\artifacts\cand_6ce26ddbb035.png,False,False,False,0.854477,0.854477,0.589731
carry_forward_baseline,carry-forward baseline,red_bicycle,Red bicycle street photo,0,ses_2222e671ca0c,rnd_ae298eca4adc,4,cand_2b6d148d2543,0,incumbent,1619264731,paper\results\oracle_incumbent_policy_compact\runs\carry_forward_baseline\red_bicycle\repeat_1\runtime\artifacts\cand_82bd04f6503c.png,True,True,False,0.920003,0.920003,0.745642
carry_forward_baseline,carry-forward baseline,red_bicycle,Red bicycle street photo,0,ses_2222e671ca0c,rnd_ae298eca4adc,4,cand_465a46de2c19,1,forward_escape,3903183993,paper\results\oracle_incumbent_policy_compact\runs\carry_forward_baseline\red_bicycle\repeat_1\runtime\artifacts\cand_465a46de2c19.png,False,False,False,0.835147,0.835147,0.658663
carry_forward_baseline,carry-forward baseline,red_bicycle,Red bicycle street photo,0,ses_2222e671ca0c,rnd_ae298eca4adc,4,cand_bacaede5c1dd,2,lateral_plus,235450592,paper\results\oracle_incumbent_policy_compact\runs\carry_forward_baseline\red_bicycle\repeat_1\runtime\artifacts\cand_bacaede5c1dd.png,False,False,False,0.807035,0.807035,0.623317
carry_forward_baseline,carry-forward baseline,red_bicycle,Red bicycle street photo,0,ses_2222e671ca0c,rnd_ae298eca4adc,4,cand_8f38f879f628,3,lateral_minus,4169183303,paper\results\oracle_incumbent_policy_compact\runs\carry_forward_baseline\red_bicycle\repeat_1\runtime\artifacts\cand_8f38f879f628.png,False,False,False,0.834724,0.834724,0.389372
carry_forward_baseline,carry-forward baseline,red_bicycle,Red bicycle street photo,0,ses_2222e671ca0c,rnd_ae298eca4adc,4,cand_aaf31193f2db,4,counter_probe,1759971823,paper\results\oracle_incumbent_policy_compact\runs\carry_forward_baseline\red_bicycle\repeat_1\runtime\artifacts\cand_aaf31193f2db.png,False,False,False,0.805201,0.805201,0.364781
carry_forward_baseline,carry-forward baseline,red_bicycle,Red bicycle street photo,0,ses_2222e671ca0c,rnd_a0fef6133016,5,cand_5407c016b9f4,0,incumbent,1619264731,paper\results\oracle_incumbent_policy_compact\runs\carry_forward_baseline\red_bicycle\repeat_1\runtime\artifacts\cand_82bd04f6503c.png,False,True,False,0.920003,0.920003,0.745642
carry_forward_baseline,carry-forward baseline,red_bicycle,Red bicycle street photo,0,ses_2222e671ca0c,rnd_a0fef6133016,5,cand_4633d8a99ef6,1,forward_escape,2840023320,paper\results\oracle_incumbent_policy_compact\runs\carry_forward_baseline\red_bicycle\repeat_1\runtime\artifacts\cand_4633d8a99ef6.png,True,False,False,0.922043,0.922043,0.735689
carry_forward_baseline,carry-forward baseline,red_bicycle,Red bicycle street photo,0,ses_2222e671ca0c,rnd_a0fef6133016,5,cand_8dd67fd39232,2,lateral_plus,2760322814,paper\results\oracle_incumbent_policy_compact\runs\carry_forward_baseline\red_bicycle\repeat_1\runtime\artifacts\cand_8dd67fd39232.png,False,False,False,0.805127,0.805127,0.534226
carry_forward_baseline,carry-forward baseline,red_bicycle,Red bicycle street photo,0,ses_2222e671ca0c,rnd_a0fef6133016,5,cand_aab72f24d8c3,3,lateral_minus,3429203588,paper\results\oracle_incumbent_policy_compact\runs\carry_forward_baseline\red_bicycle\repeat_1\runtime\artifacts\cand_aab72f24d8c3.png,False,False,False,0.827968,0.827968,0.581289
carry_forward_baseline,carry-forward baseline,red_bicycle,Red bicycle street photo,0,ses_2222e671ca0c,rnd_a0fef6133016,5,cand_54f0a98e3bcd,4,counter_probe,118249537,paper\results\oracle_incumbent_policy_compact\runs\carry_forward_baseline\red_bicycle\repeat_1\runtime\artifacts\cand_54f0a98e3bcd.png,False,False,False,0.862458,0.862458,0.712057
carry_forward_baseline,carry-forward baseline,red_bicycle,Red bicycle street photo,0,ses_2222e671ca0c,rnd_22859542efae,6,cand_e00c23ad3e84,0,incumbent,2840023320,paper\results\oracle_incumbent_policy_compact\runs\carry_forward_baseline\red_bicycle\repeat_1\runtime\artifacts\cand_4633d8a99ef6.png,True,True,False,0.922043,0.922043,0.735689
carry_forward_baseline,carry-forward baseline,red_bicycle,Red bicycle street photo,0,ses_2222e671ca0c,rnd_22859542efae,6,cand_ac134a191065,1,forward_escape,1018117531,paper\results\oracle_incumbent_policy_compact\runs\carry_forward_baseline\red_bicycle\repeat_1\runtime\artifacts\cand_ac134a191065.png,False,False,False,0.829248,0.829248,0.628605
carry_forward_baseline,carry-forward baseline,red_bicycle,Red bicycle street photo,0,ses_2222e671ca0c,rnd_22859542efae,6,cand_098f453c421e,2,lateral_plus,654092384,paper\results\oracle_incumbent_policy_compact\runs\carry_forward_baseline\red_bicycle\repeat_1\runtime\artifacts\cand_098f453c421e.png,False,False,False,0.846349,0.846349,0.671238
carry_forward_baseline,carry-forward baseline,red_bicycle,Red bicycle street photo,0,ses_2222e671ca0c,rnd_22859542efae,6,cand_e14680fe599f,3,lateral_minus,1111984956,paper\results\oracle_incumbent_policy_compact\runs\carry_forward_baseline\red_bicycle\repeat_1\runtime\artifacts\cand_e14680fe599f.png,False,False,False,0.774751,0.774751,0.442122
carry_forward_baseline,carry-forward baseline,red_bicycle,Red bicycle street photo,0,ses_2222e671ca0c,rnd_22859542efae,6,cand_b7e30df714f6,4,counter_probe,2775222231,paper\results\oracle_incumbent_policy_compact\runs\carry_forward_baseline\red_bicycle\repeat_1\runtime\artifacts\cand_b7e30df714f6.png,False,False,False,0.858655,0.858655,0.716424
soft_penalty,soft incumbent penalty,cat_portrait_bw,Black-and-white cat portrait,0,ses_af0933b3010a,rnd_241e620e7710,1,cand_29dc328d2e76,0,baseline_prompt,176698136,paper\results\oracle_incumbent_policy_compact\runs\soft_penalty\cat_portrait_bw\repeat_1\runtime\artifacts\cand_29dc328d2e76.png,False,False,True,0.822396,0.822396,0.150703
soft_penalty,soft incumbent penalty,cat_portrait_bw,Black-and-white cat portrait,0,ses_af0933b3010a,rnd_241e620e7710,1,cand_e9b53eed62c4,1,forward_escape,1420764980,paper\results\oracle_incumbent_policy_compact\runs\soft_penalty\cat_portrait_bw\repeat_1\runtime\artifacts\cand_e9b53eed62c4.png,False,False,False,0.838718,0.838718,0.25682
soft_penalty,soft incumbent penalty,cat_portrait_bw,Black-and-white cat portrait,0,ses_af0933b3010a,rnd_241e620e7710,1,cand_061e0915a882,2,lateral_plus,2058536026,paper\results\oracle_incumbent_policy_compact\runs\soft_penalty\cat_portrait_bw\repeat_1\runtime\artifacts\cand_061e0915a882.png,True,False,False,0.859532,0.859532,0.641145
soft_penalty,soft incumbent penalty,cat_portrait_bw,Black-and-white cat portrait,0,ses_af0933b3010a,rnd_241e620e7710,1,cand_8d9e4b6de0a6,3,lateral_minus,1708214381,paper\results\oracle_incumbent_policy_compact\runs\soft_penalty\cat_portrait_bw\repeat_1\runtime\artifacts\cand_8d9e4b6de0a6.png,False,False,False,0.847118,0.847118,0.080766
soft_penalty,soft incumbent penalty,cat_portrait_bw,Black-and-white cat portrait,0,ses_af0933b3010a,rnd_241e620e7710,1,cand_21e183d8c2cd,4,counter_probe,2312457994,paper\results\oracle_incumbent_policy_compact\runs\soft_penalty\cat_portrait_bw\repeat_1\runtime\artifacts\cand_21e183d8c2cd.png,False,False,False,0.838638,0.838638,0.495685
soft_penalty,soft incumbent penalty,cat_portrait_bw,Black-and-white cat portrait,0,ses_af0933b3010a,rnd_5863c902ba5f,2,cand_71822d769010,0,incumbent,2058536026,paper\results\oracle_incumbent_policy_compact\runs\soft_penalty\cat_portrait_bw\repeat_1\runtime\artifacts\cand_061e0915a882.png,True,True,False,0.859532,0.859532,0.641145
soft_penalty,soft incumbent penalty,cat_portrait_bw,Black-and-white cat portrait,0,ses_af0933b3010a,rnd_5863c902ba5f,2,cand_836a1183c23c,1,forward_escape,1373616460,paper\results\oracle_incumbent_policy_compact\runs\soft_penalty\cat_portrait_bw\repeat_1\runtime\artifacts\cand_836a1183c23c.png,False,False,False,0.828772,0.828772,0.26152
soft_penalty,soft incumbent penalty,cat_portrait_bw,Black-and-white cat portrait,0,ses_af0933b3010a,rnd_5863c902ba5f,2,cand_b3090195001f,2,lateral_plus,3059234850,paper\results\oracle_incumbent_policy_compact\runs\soft_penalty\cat_portrait_bw\repeat_1\runtime\artifacts\cand_b3090195001f.png,False,False,False,0.856768,0.856768,0.355645
soft_penalty,soft incumbent penalty,cat_portrait_bw,Black-and-white cat portrait,0,ses_af0933b3010a,rnd_5863c902ba5f,2,cand_b9c633547f51,3,lateral_minus,3390241732,paper\results\oracle_incumbent_policy_compact\runs\soft_penalty\cat_portrait_bw\repeat_1\runtime\artifacts\cand_b9c633547f51.png,False,False,False,0.794095,0.794095,0.153473
soft_penalty,soft incumbent penalty,cat_portrait_bw,Black-and-white cat portrait,0,ses_af0933b3010a,rnd_5863c902ba5f,2,cand_c414fc7bce3a,4,counter_probe,2196892453,paper\results\oracle_incumbent_policy_compact\runs\soft_penalty\cat_portrait_bw\repeat_1\runtime\artifacts\cand_c414fc7bce3a.png,False,False,False,0.816537,0.816537,0.445475
soft_penalty,soft incumbent penalty,cat_portrait_bw,Black-and-white cat portrait,0,ses_af0933b3010a,rnd_3d23d3f24b19,3,cand_16c8d853cb05,0,incumbent,3059234850,paper\results\oracle_incumbent_policy_compact\runs\soft_penalty\cat_portrait_bw\repeat_1\runtime\artifacts\cand_b3090195001f.png,False,True,False,0.841768,0.856768,0.355645
soft_penalty,soft incumbent penalty,cat_portrait_bw,Black-and-white cat portrait,0,ses_af0933b3010a,rnd_3d23d3f24b19,3,cand_9d1f4b75e52c,1,forward_escape,1178495178,paper\results\oracle_incumbent_policy_compact\runs\soft_penalty\cat_portrait_bw\repeat_1\runtime\artifacts\cand_9d1f4b75e52c.png,False,False,False,0.835226,0.835226,0.067724
soft_penalty,soft incumbent penalty,cat_portrait_bw,Black-and-white cat portrait,0,ses_af0933b3010a,rnd_3d23d3f24b19,3,cand_ce53bad59f39,2,lateral_plus,2494045323,paper\results\oracle_incumbent_policy_compact\runs\soft_penalty\cat_portrait_bw\repeat_1\runtime\artifacts\cand_ce53bad59f39.png,False,False,False,0.789481,0.789481,0.523167
soft_penalty,soft incumbent penalty,cat_portrait_bw,Black-and-white cat portrait,0,ses_af0933b3010a,rnd_3d23d3f24b19,3,cand_f5c25ffc84b6,3,lateral_minus,236893610,paper\results\oracle_incumbent_policy_compact\runs\soft_penalty\cat_portrait_bw\repeat_1\runtime\artifacts\cand_f5c25ffc84b6.png,True,False,False,0.844682,0.844682,0.004113
soft_penalty,soft incumbent penalty,cat_portrait_bw,Black-and-white cat portrait,0,ses_af0933b3010a,rnd_3d23d3f24b19,3,cand_60073f7066f6,4,counter_probe,3589266292,paper\results\oracle_incumbent_policy_compact\runs\soft_penalty\cat_portrait_bw\repeat_1\runtime\artifacts\cand_60073f7066f6.png,False,False,False,0.830958,0.830958,0.263096
soft_penalty,soft incumbent penalty,cat_portrait_bw,Black-and-white cat portrait,0,ses_af0933b3010a,rnd_1d510c114889,4,cand_2fc60456cefa,0,incumbent,3059234850,paper\results\oracle_incumbent_policy_compact\runs\soft_penalty\cat_portrait_bw\repeat_1\runtime\artifacts\cand_b3090195001f.png,True,True,False,0.856768,0.856768,0.355645
soft_penalty,soft incumbent penalty,cat_portrait_bw,Black-and-white cat portrait,0,ses_af0933b3010a,rnd_1d510c114889,4,cand_2d0bc4956dc7,1,forward_escape,1320020684,paper\results\oracle_incumbent_policy_compact\runs\soft_penalty\cat_portrait_bw\repeat_1\runtime\artifacts\cand_2d0bc4956dc7.png,False,False,False,0.749727,0.749727,0.015841
soft_penalty,soft incumbent penalty,cat_portrait_bw,Black-and-white cat portrait,0,ses_af0933b3010a,rnd_1d510c114889,4,cand_6cd5668a87c5,2,lateral_plus,1128973763,paper\results\oracle_incumbent_policy_compact\runs\soft_penalty\cat_portrait_bw\repeat_1\runtime\artifacts\cand_6cd5668a87c5.png,False,False,False,0.803445,0.803445,0.01936
soft_penalty,soft incumbent penalty,cat_portrait_bw,Black-and-white cat portrait,0,ses_af0933b3010a,rnd_1d510c114889,4,cand_427520d59d80,3,lateral_minus,1433302154,paper\results\oracle_incumbent_policy_compact\runs\soft_penalty\cat_portrait_bw\repeat_1\runtime\artifacts\cand_427520d59d80.png,False,False,False,0.803081,0.803081,0.086639
soft_penalty,soft incumbent penalty,cat_portrait_bw,Black-and-white cat portrait,0,ses_af0933b3010a,rnd_1d510c114889,4,cand_be89298ed633,4,counter_probe,1316669823,paper\results\oracle_incumbent_policy_compact\runs\soft_penalty\cat_portrait_bw\repeat_1\runtime\artifacts\cand_be89298ed633.png,False,False,False,0.849356,0.849356,0.036272
soft_penalty,soft incumbent penalty,cat_portrait_bw,Black-and-white cat portrait,0,ses_af0933b3010a,rnd_61bac9c2991c,5,cand_8e91b1349931,0,incumbent,3059234850,paper\results\oracle_incumbent_policy_compact\runs\soft_penalty\cat_portrait_bw\repeat_1\runtime\artifacts\cand_b3090195001f.png,False,True,False,0.856768,0.856768,0.355645
soft_penalty,soft incumbent penalty,cat_portrait_bw,Black-and-white cat portrait,0,ses_af0933b3010a,rnd_61bac9c2991c,5,cand_a46cfd505b52,1,forward_escape,297686178,paper\results\oracle_incumbent_policy_compact\runs\soft_penalty\cat_portrait_bw\repeat_1\runtime\artifacts\cand_a46cfd505b52.png,False,False,False,0.865097,0.865097,0.350689
soft_penalty,soft incumbent penalty,cat_portrait_bw,Black-and-white cat portrait,0,ses_af0933b3010a,rnd_61bac9c2991c,5,cand_41b0ae152bc2,2,lateral_plus,3339190020,paper\results\oracle_incumbent_policy_compact\runs\soft_penalty\cat_portrait_bw\repeat_1\runtime\artifacts\cand_41b0ae152bc2.png,False,False,False,0.812385,0.812385,0.32926
soft_penalty,soft incumbent penalty,cat_portrait_bw,Black-and-white cat portrait,0,ses_af0933b3010a,rnd_61bac9c2991c,5,cand_81c1efa7ae47,3,lateral_minus,3495884901,paper\results\oracle_incumbent_policy_compact\runs\soft_penalty\cat_portrait_bw\repeat_1\runtime\artifacts\cand_81c1efa7ae47.png,False,False,False,0.861767,0.861767,0.145478
soft_penalty,soft incumbent penalty,cat_portrait_bw,Black-and-white cat portrait,0,ses_af0933b3010a,rnd_61bac9c2991c,5,cand_72affabaa50d,4,counter_probe,282149201,paper\results\oracle_incumbent_policy_compact\runs\soft_penalty\cat_portrait_bw\repeat_1\runtime\artifacts\cand_72affabaa50d.png,True,False,False,0.90124,0.90124,0.430476
soft_penalty,soft incumbent penalty,cat_portrait_bw,Black-and-white cat portrait,0,ses_af0933b3010a,rnd_636600b4b081,6,cand_12d25c330350,0,incumbent,282149201,paper\results\oracle_incumbent_policy_compact\runs\soft_penalty\cat_portrait_bw\repeat_1\runtime\artifacts\cand_72affabaa50d.png,True,True,False,0.90124,0.90124,0.430476
soft_penalty,soft incumbent penalty,cat_portrait_bw,Black-and-white cat portrait,0,ses_af0933b3010a,rnd_636600b4b081,6,cand_0cdd391a3f97,1,forward_escape,2480374965,paper\results\oracle_incumbent_policy_compact\runs\soft_penalty\cat_portrait_bw\repeat_1\runtime\artifacts\cand_0cdd391a3f97.png,False,False,False,0.855046,0.855046,0.575071
soft_penalty,soft incumbent penalty,cat_portrait_bw,Black-and-white cat portrait,0,ses_af0933b3010a,rnd_636600b4b081,6,cand_197be022069a,2,lateral_plus,2762080985,paper\results\oracle_incumbent_policy_compact\runs\soft_penalty\cat_portrait_bw\repeat_1\runtime\artifacts\cand_197be022069a.png,False,False,False,0.871667,0.871667,0.566504
soft_penalty,soft incumbent penalty,cat_portrait_bw,Black-and-white cat portrait,0,ses_af0933b3010a,rnd_636600b4b081,6,cand_390b372bc944,3,lateral_minus,3496874640,paper\results\oracle_incumbent_policy_compact\runs\soft_penalty\cat_portrait_bw\repeat_1\runtime\artifacts\cand_390b372bc944.png,False,False,False,0.868531,0.868531,0.631723
soft_penalty,soft incumbent penalty,cat_portrait_bw,Black-and-white cat portrait,0,ses_af0933b3010a,rnd_636600b4b081,6,cand_bb32f4b92e1d,4,counter_probe,3849778864,paper\results\oracle_incumbent_policy_compact\runs\soft_penalty\cat_portrait_bw\repeat_1\runtime\artifacts\cand_bb32f4b92e1d.png,False,False,False,0.80873,0.80873,0.576776
soft_penalty,soft incumbent penalty,mountain_lake,Mountain lake landscape,0,ses_d9a5069d008b,rnd_8f473cd11f51,1,cand_c4752031746f,0,baseline_prompt,4277848057,paper\results\oracle_incumbent_policy_compact\runs\soft_penalty\mountain_lake\repeat_1\runtime\artifacts\cand_c4752031746f.png,False,False,True,0.826068,0.826068,0.417842
soft_penalty,soft incumbent penalty,mountain_lake,Mountain lake landscape,0,ses_d9a5069d008b,rnd_8f473cd11f51,1,cand_a1f525705d55,1,forward_escape,338074779,paper\results\oracle_incumbent_policy_compact\runs\soft_penalty\mountain_lake\repeat_1\runtime\artifacts\cand_a1f525705d55.png,False,False,False,0.760618,0.760618,0.325973
soft_penalty,soft incumbent penalty,mountain_lake,Mountain lake landscape,0,ses_d9a5069d008b,rnd_8f473cd11f51,1,cand_686e491a6fab,2,lateral_plus,451261895,paper\results\oracle_incumbent_policy_compact\runs\soft_penalty\mountain_lake\repeat_1\runtime\artifacts\cand_686e491a6fab.png,False,False,False,0.811714,0.811714,0.559436
soft_penalty,soft incumbent penalty,mountain_lake,Mountain lake landscape,0,ses_d9a5069d008b,rnd_8f473cd11f51,1,cand_48d16801252a,3,lateral_minus,1118220822,paper\results\oracle_incumbent_policy_compact\runs\soft_penalty\mountain_lake\repeat_1\runtime\artifacts\cand_48d16801252a.png,True,False,False,0.854727,0.854727,0.526697
soft_penalty,soft incumbent penalty,mountain_lake,Mountain lake landscape,0,ses_d9a5069d008b,rnd_8f473cd11f51,1,cand_ca895b17c163,4,counter_probe,2358780980,paper\results\oracle_incumbent_policy_compact\runs\soft_penalty\mountain_lake\repeat_1\runtime\artifacts\cand_ca895b17c163.png,False,False,False,0.811716,0.811716,0.314294
soft_penalty,soft incumbent penalty,mountain_lake,Mountain lake landscape,0,ses_d9a5069d008b,rnd_046c55b3f302,2,cand_0da4a0527071,0,incumbent,1118220822,paper\results\oracle_incumbent_policy_compact\runs\soft_penalty\mountain_lake\repeat_1\runtime\artifacts\cand_48d16801252a.png,True,True,False,0.854727,0.854727,0.526697
soft_penalty,soft incumbent penalty,mountain_lake,Mountain lake landscape,0,ses_d9a5069d008b,rnd_046c55b3f302,2,cand_bf7c0ae4f733,1,forward_escape,1815014666,paper\results\oracle_incumbent_policy_compact\runs\soft_penalty\mountain_lake\repeat_1\runtime\artifacts\cand_bf7c0ae4f733.png,False,False,False,0.788663,0.788663,0.224719
soft_penalty,soft incumbent penalty,mountain_lake,Mountain lake landscape,0,ses_d9a5069d008b,rnd_046c55b3f302,2,cand_d67a663d80f0,2,lateral_plus,2239769855,paper\results\oracle_incumbent_policy_compact\runs\soft_penalty\mountain_lake\repeat_1\runtime\artifacts\cand_d67a663d80f0.png,False,False,False,0.812709,0.812709,0.439274
soft_penalty,soft incumbent penalty,mountain_lake,Mountain lake landscape,0,ses_d9a5069d008b,rnd_046c55b3f302,2,cand_43827a46aa63,3,lateral_minus,3358259922,paper\results\oracle_incumbent_policy_compact\runs\soft_penalty\mountain_lake\repeat_1\runtime\artifacts\cand_43827a46aa63.png,False,False,False,0.804001,0.804001,0.392597
soft_penalty,soft incumbent penalty,mountain_lake,Mountain lake landscape,0,ses_d9a5069d008b,rnd_046c55b3f302,2,cand_b51fb934b3df,4,counter_probe,1595645317,paper\results\oracle_incumbent_policy_compact\runs\soft_penalty\mountain_lake\repeat_1\runtime\artifacts\cand_b51fb934b3df.png,False,False,False,0.796464,0.796464,0.21254
soft_penalty,soft incumbent penalty,mountain_lake,Mountain lake landscape,0,ses_d9a5069d008b,rnd_d20c7c7fe4f1,3,cand_ac7c1444ad8f,0,incumbent,1118220822,paper\results\oracle_incumbent_policy_compact\runs\soft_penalty\mountain_lake\repeat_1\runtime\artifacts\cand_48d16801252a.png,True,True,False,0.839727,0.854727,0.526697
soft_penalty,soft incumbent penalty,mountain_lake,Mountain lake landscape,0,ses_d9a5069d008b,rnd_d20c7c7fe4f1,3,cand_e15b95d66345,1,forward_escape,2514052309,paper\results\oracle_incumbent_policy_compact\runs\soft_penalty\mountain_lake\repeat_1\runtime\artifacts\cand_e15b95d66345.png,False,False,False,0.801791,0.801791,0.339233
soft_penalty,soft incumbent penalty,mountain_lake,Mountain lake landscape,0,ses_d9a5069d008b,rnd_d20c7c7fe4f1,3,cand_b984627ed98b,2,lateral_plus,909018698,paper\results\oracle_incumbent_policy_compact\runs\soft_penalty\mountain_lake\repeat_1\runtime\artifacts\cand_b984627ed98b.png,False,False,False,0.790569,0.790569,0.288831
soft_penalty,soft incumbent penalty,mountain_lake,Mountain lake landscape,0,ses_d9a5069d008b,rnd_d20c7c7fe4f1,3,cand_aa5451b23b20,3,lateral_minus,2983756901,paper\results\oracle_incumbent_policy_compact\runs\soft_penalty\mountain_lake\repeat_1\runtime\artifacts\cand_aa5451b23b20.png,False,False,False,0.808995,0.808995,0.454408
soft_penalty,soft incumbent penalty,mountain_lake,Mountain lake landscape,0,ses_d9a5069d008b,rnd_d20c7c7fe4f1,3,cand_3e319c957d14,4,counter_probe,425942731,paper\results\oracle_incumbent_policy_compact\runs\soft_penalty\mountain_lake\repeat_1\runtime\artifacts\cand_3e319c957d14.png,False,False,False,0.810772,0.810772,0.313691
soft_penalty,soft incumbent penalty,mountain_lake,Mountain lake landscape,0,ses_d9a5069d008b,rnd_efdcf956ef89,4,cand_21c264c09f70,0,incumbent,1118220822,paper\results\oracle_incumbent_policy_compact\runs\soft_penalty\mountain_lake\repeat_1\runtime\artifacts\cand_48d16801252a.png,True,True,False,0.839727,0.854727,0.526697
soft_penalty,soft incumbent penalty,mountain_lake,Mountain lake landscape,0,ses_d9a5069d008b,rnd_efdcf956ef89,4,cand_23f63cf63274,1,forward_escape,3757397218,paper\results\oracle_incumbent_policy_compact\runs\soft_penalty\mountain_lake\repeat_1\runtime\artifacts\cand_23f63cf63274.png,False,False,False,0.814093,0.814093,0.53012
soft_penalty,soft incumbent penalty,mountain_lake,Mountain lake landscape,0,ses_d9a5069d008b,rnd_efdcf956ef89,4,cand_fa4d520094b0,2,lateral_plus,1839248729,paper\results\oracle_incumbent_policy_compact\runs\soft_penalty\mountain_lake\repeat_1\runtime\artifacts\cand_fa4d520094b0.png,False,False,False,0.814729,0.814729,0.319679
soft_penalty,soft incumbent penalty,mountain_lake,Mountain lake landscape,0,ses_d9a5069d008b,rnd_efdcf956ef89,4,cand_16ce29101bd3,3,lateral_minus,1547382940,paper\results\oracle_incumbent_policy_compact\runs\soft_penalty\mountain_lake\repeat_1\runtime\artifacts\cand_16ce29101bd3.png,False,False,False,0.82021,0.82021,0.319428
soft_penalty,soft incumbent penalty,mountain_lake,Mountain lake landscape,0,ses_d9a5069d008b,rnd_efdcf956ef89,4,cand_aaca2e750457,4,counter_probe,4286682071,paper\results\oracle_incumbent_policy_compact\runs\soft_penalty\mountain_lake\repeat_1\runtime\artifacts\cand_aaca2e750457.png,False,False,False,0.78544,0.78544,0.374161
soft_penalty,soft incumbent penalty,mountain_lake,Mountain lake landscape,0,ses_d9a5069d008b,rnd_d2499c862bd9,5,cand_05392cef91c2,0,incumbent,1118220822,paper\results\oracle_incumbent_policy_compact\runs\soft_penalty\mountain_lake\repeat_1\runtime\artifacts\cand_48d16801252a.png,True,True,False,0.839727,0.854727,0.526697
soft_penalty,soft incumbent penalty,mountain_lake,Mountain lake landscape,0,ses_d9a5069d008b,rnd_d2499c862bd9,5,cand_eb062eb6920b,1,forward_escape,518834382,paper\results\oracle_incumbent_policy_compact\runs\soft_penalty\mountain_lake\repeat_1\runtime\artifacts\cand_eb062eb6920b.png,False,False,False,0.805346,0.805346,0.228642
soft_penalty,soft incumbent penalty,mountain_lake,Mountain lake landscape,0,ses_d9a5069d008b,rnd_d2499c862bd9,5,cand_5a1c0de88da3,2,lateral_plus,3660831721,paper\results\oracle_incumbent_policy_compact\runs\soft_penalty\mountain_lake\repeat_1\runtime\artifacts\cand_5a1c0de88da3.png,False,False,False,0.817151,0.817151,0.26523
soft_penalty,soft incumbent penalty,mountain_lake,Mountain lake landscape,0,ses_d9a5069d008b,rnd_d2499c862bd9,5,cand_0fb084823f37,3,lateral_minus,3423921367,paper\results\oracle_incumbent_policy_compact\runs\soft_penalty\mountain_lake\repeat_1\runtime\artifacts\cand_0fb084823f37.png,False,False,False,0.767316,0.767316,0.261437
soft_penalty,soft incumbent penalty,mountain_lake,Mountain lake landscape,0,ses_d9a5069d008b,rnd_d2499c862bd9,5,cand_9207b7914620,4,counter_probe,2588564013,paper\results\oracle_incumbent_policy_compact\runs\soft_penalty\mountain_lake\repeat_1\runtime\artifacts\cand_9207b7914620.png,False,False,False,0.810661,0.810661,0.35093
soft_penalty,soft incumbent penalty,mountain_lake,Mountain lake landscape,0,ses_d9a5069d008b,rnd_5aa1ed98e898,6,cand_95e3f6da9ecc,0,incumbent,1118220822,paper\results\oracle_incumbent_policy_compact\runs\soft_penalty\mountain_lake\repeat_1\runtime\artifacts\cand_48d16801252a.png,True,True,False,0.839727,0.854727,0.526697
soft_penalty,soft incumbent penalty,mountain_lake,Mountain lake landscape,0,ses_d9a5069d008b,rnd_5aa1ed98e898,6,cand_b13743285f0c,1,forward_escape,388035428,paper\results\oracle_incumbent_policy_compact\runs\soft_penalty\mountain_lake\repeat_1\runtime\artifacts\cand_b13743285f0c.png,False,False,False,0.815265,0.815265,0.303597
soft_penalty,soft incumbent penalty,mountain_lake,Mountain lake landscape,0,ses_d9a5069d008b,rnd_5aa1ed98e898,6,cand_834df6b37752,2,lateral_plus,203320895,paper\results\oracle_incumbent_policy_compact\runs\soft_penalty\mountain_lake\repeat_1\runtime\artifacts\cand_834df6b37752.png,False,False,False,0.770747,0.770747,0.193104
soft_penalty,soft incumbent penalty,mountain_lake,Mountain lake landscape,0,ses_d9a5069d008b,rnd_5aa1ed98e898,6,cand_28a4f387b874,3,lateral_minus,2691762405,paper\results\oracle_incumbent_policy_compact\runs\soft_penalty\mountain_lake\repeat_1\runtime\artifacts\cand_28a4f387b874.png,False,False,False,0.790192,0.790192,0.338493
soft_penalty,soft incumbent penalty,mountain_lake,Mountain lake landscape,0,ses_d9a5069d008b,rnd_5aa1ed98e898,6,cand_4300ac453c52,4,counter_probe,2002405290,paper\results\oracle_incumbent_policy_compact\runs\soft_penalty\mountain_lake\repeat_1\runtime\artifacts\cand_4300ac453c52.png,False,False,False,0.781146,0.781146,0.247006
soft_penalty,soft incumbent penalty,red_bicycle,Red bicycle street photo,0,ses_fdd4acd8e16b,rnd_52af098f2eab,1,cand_1aafb9d8c900,0,baseline_prompt,705140786,paper\results\oracle_incumbent_policy_compact\runs\soft_penalty\red_bicycle\repeat_1\runtime\artifacts\cand_1aafb9d8c900.png,False,False,True,0.84375,0.84375,0.575188
soft_penalty,soft incumbent penalty,red_bicycle,Red bicycle street photo,0,ses_fdd4acd8e16b,rnd_52af098f2eab,1,cand_d927be0f260d,1,forward_escape,1273236003,paper\results\oracle_incumbent_policy_compact\runs\soft_penalty\red_bicycle\repeat_1\runtime\artifacts\cand_d927be0f260d.png,False,False,False,0.866045,0.866045,0.702069
soft_penalty,soft incumbent penalty,red_bicycle,Red bicycle street photo,0,ses_fdd4acd8e16b,rnd_52af098f2eab,1,cand_ac7f697cf65f,2,lateral_plus,1554167375,paper\results\oracle_incumbent_policy_compact\runs\soft_penalty\red_bicycle\repeat_1\runtime\artifacts\cand_ac7f697cf65f.png,False,False,False,0.820731,0.820731,0.643811
soft_penalty,soft incumbent penalty,red_bicycle,Red bicycle street photo,0,ses_fdd4acd8e16b,rnd_52af098f2eab,1,cand_6f83f0057e58,3,lateral_minus,4082845803,paper\results\oracle_incumbent_policy_compact\runs\soft_penalty\red_bicycle\repeat_1\runtime\artifacts\cand_6f83f0057e58.png,False,False,False,0.823826,0.823826,0.677295
soft_penalty,soft incumbent penalty,red_bicycle,Red bicycle street photo,0,ses_fdd4acd8e16b,rnd_52af098f2eab,1,cand_dc12ee20302c,4,counter_probe,3963564873,paper\results\oracle_incumbent_policy_compact\runs\soft_penalty\red_bicycle\repeat_1\runtime\artifacts\cand_dc12ee20302c.png,True,False,False,0.873664,0.873664,0.646055
soft_penalty,soft incumbent penalty,red_bicycle,Red bicycle street photo,0,ses_fdd4acd8e16b,rnd_8f706af647ff,2,cand_071ab4af9831,0,incumbent,3963564873,paper\results\oracle_incumbent_policy_compact\runs\soft_penalty\red_bicycle\repeat_1\runtime\artifacts\cand_dc12ee20302c.png,False,True,False,0.873664,0.873664,0.646055
soft_penalty,soft incumbent penalty,red_bicycle,Red bicycle street photo,0,ses_fdd4acd8e16b,rnd_8f706af647ff,2,cand_76e90584cc90,1,forward_escape,1643779878,paper\results\oracle_incumbent_policy_compact\runs\soft_penalty\red_bicycle\repeat_1\runtime\artifacts\cand_76e90584cc90.png,True,False,False,0.918294,0.918294,0.75023
soft_penalty,soft incumbent penalty,red_bicycle,Red bicycle street photo,0,ses_fdd4acd8e16b,rnd_8f706af647ff,2,cand_4a96205a57be,2,lateral_plus,1396773820,paper\results\oracle_incumbent_policy_compact\runs\soft_penalty\red_bicycle\repeat_1\runtime\artifacts\cand_4a96205a57be.png,False,False,False,0.917891,0.917891,0.752979
soft_penalty,soft incumbent penalty,red_bicycle,Red bicycle street photo,0,ses_fdd4acd8e16b,rnd_8f706af647ff,2,cand_5733a9132d2f,3,lateral_minus,296993637,paper\results\oracle_incumbent_policy_compact\runs\soft_penalty\red_bicycle\repeat_1\runtime\artifacts\cand_5733a9132d2f.png,False,False,False,0.741794,0.741794,0.495167
soft_penalty,soft incumbent penalty,red_bicycle,Red bicycle street photo,0,ses_fdd4acd8e16b,rnd_8f706af647ff,2,cand_9a72ceb8ffb3,4,counter_probe,587265097,paper\results\oracle_incumbent_policy_compact\runs\soft_penalty\red_bicycle\repeat_1\runtime\artifacts\cand_9a72ceb8ffb3.png,False,False,False,0.906834,0.906834,0.731054
soft_penalty,soft incumbent penalty,red_bicycle,Red bicycle street photo,0,ses_fdd4acd8e16b,rnd_5f3bc17188b6,3,cand_07f0006e4b24,0,incumbent,1643779878,paper\results\oracle_incumbent_policy_compact\runs\soft_penalty\red_bicycle\repeat_1\runtime\artifacts\cand_76e90584cc90.png,True,True,False,0.918294,0.918294,0.75023
soft_penalty,soft incumbent penalty,red_bicycle,Red bicycle street photo,0,ses_fdd4acd8e16b,rnd_5f3bc17188b6,3,cand_70f9f6604049,1,forward_escape,1492328501,paper\results\oracle_incumbent_policy_compact\runs\soft_penalty\red_bicycle\repeat_1\runtime\artifacts\cand_70f9f6604049.png,False,False,False,0.779463,0.779463,0.556869
soft_penalty,soft incumbent penalty,red_bicycle,Red bicycle street photo,0,ses_fdd4acd8e16b,rnd_5f3bc17188b6,3,cand_223a8b898715,2,lateral_plus,2623121747,paper\results\oracle_incumbent_policy_compact\runs\soft_penalty\red_bicycle\repeat_1\runtime\artifacts\cand_223a8b898715.png,False,False,False,0.773863,0.773863,0.449875
soft_penalty,soft incumbent penalty,red_bicycle,Red bicycle street photo,0,ses_fdd4acd8e16b,rnd_5f3bc17188b6,3,cand_0ed31a576836,3,lateral_minus,2827888498,paper\results\oracle_incumbent_policy_compact\runs\soft_penalty\red_bicycle\repeat_1\runtime\artifacts\cand_0ed31a576836.png,False,False,False,0.866977,0.866977,0.603717
soft_penalty,soft incumbent penalty,red_bicycle,Red bicycle street photo,0,ses_fdd4acd8e16b,rnd_5f3bc17188b6,3,cand_dd8e32d2aa70,4,counter_probe,3173213053,paper\results\oracle_incumbent_policy_compact\runs\soft_penalty\red_bicycle\repeat_1\runtime\artifacts\cand_dd8e32d2aa70.png,False,False,False,0.790723,0.790723,0.451012
soft_penalty,soft incumbent penalty,red_bicycle,Red bicycle street photo,0,ses_fdd4acd8e16b,rnd_58be6106ae37,4,cand_f287359cf3b5,0,incumbent,1643779878,paper\results\oracle_incumbent_policy_compact\runs\soft_penalty\red_bicycle\repeat_1\runtime\artifacts\cand_76e90584cc90.png,True,True,False,0.903294,0.918294,0.75023
soft_penalty,soft incumbent penalty,red_bicycle,Red bicycle street photo,0,ses_fdd4acd8e16b,rnd_58be6106ae37,4,cand_1a3f3996a879,1,forward_escape,2643020046,paper\results\oracle_incumbent_policy_compact\runs\soft_penalty\red_bicycle\repeat_1\runtime\artifacts\cand_1a3f3996a879.png,False,False,False,0.86505,0.86505,0.669902
soft_penalty,soft incumbent penalty,red_bicycle,Red bicycle street photo,0,ses_fdd4acd8e16b,rnd_58be6106ae37,4,cand_6b6443e234ac,2,lateral_plus,2007689688,paper\results\oracle_incumbent_policy_compact\runs\soft_penalty\red_bicycle\repeat_1\runtime\artifacts\cand_6b6443e234ac.png,False,False,False,0.8368,0.8368,0.561842
soft_penalty,soft incumbent penalty,red_bicycle,Red bicycle street photo,0,ses_fdd4acd8e16b,rnd_58be6106ae37,4,cand_c37760afa85f,3,lateral_minus,3887422872,paper\results\oracle_incumbent_policy_compact\runs\soft_penalty\red_bicycle\repeat_1\runtime\artifacts\cand_c37760afa85f.png,False,False,False,0.898883,0.898883,0.669877
soft_penalty,soft incumbent penalty,red_bicycle,Red bicycle street photo,0,ses_fdd4acd8e16b,rnd_58be6106ae37,4,cand_aa7775edd1d8,4,counter_probe,324671341,paper\results\oracle_incumbent_policy_compact\runs\soft_penalty\red_bicycle\repeat_1\runtime\artifacts\cand_aa7775edd1d8.png,False,False,False,0.816413,0.816413,0.65337
soft_penalty,soft incumbent penalty,red_bicycle,Red bicycle street photo,0,ses_fdd4acd8e16b,rnd_4b3674f0e73a,5,cand_3b480c8c7694,0,incumbent,1643779878,paper\results\oracle_incumbent_policy_compact\runs\soft_penalty\red_bicycle\repeat_1\runtime\artifacts\cand_76e90584cc90.png,True,True,False,0.903294,0.918294,0.75023
soft_penalty,soft incumbent penalty,red_bicycle,Red bicycle street photo,0,ses_fdd4acd8e16b,rnd_4b3674f0e73a,5,cand_704dc41215f5,1,forward_escape,2844247772,paper\results\oracle_incumbent_policy_compact\runs\soft_penalty\red_bicycle\repeat_1\runtime\artifacts\cand_704dc41215f5.png,False,False,False,0.900242,0.900242,0.674087
soft_penalty,soft incumbent penalty,red_bicycle,Red bicycle street photo,0,ses_fdd4acd8e16b,rnd_4b3674f0e73a,5,cand_41593ac86491,2,lateral_plus,4162707299,paper\results\oracle_incumbent_policy_compact\runs\soft_penalty\red_bicycle\repeat_1\runtime\artifacts\cand_41593ac86491.png,False,False,False,0.792349,0.792349,0.453408
soft_penalty,soft incumbent penalty,red_bicycle,Red bicycle street photo,0,ses_fdd4acd8e16b,rnd_4b3674f0e73a,5,cand_90d013212f1c,3,lateral_minus,1034483712,paper\results\oracle_incumbent_policy_compact\runs\soft_penalty\red_bicycle\repeat_1\runtime\artifacts\cand_90d013212f1c.png,False,False,False,0.862958,0.862958,0.60436
soft_penalty,soft incumbent penalty,red_bicycle,Red bicycle street photo,0,ses_fdd4acd8e16b,rnd_4b3674f0e73a,5,cand_f08d10679ada,4,counter_probe,1747522823,paper\results\oracle_incumbent_policy_compact\runs\soft_penalty\red_bicycle\repeat_1\runtime\artifacts\cand_f08d10679ada.png,False,False,False,0.835584,0.835584,0.580635
soft_penalty,soft incumbent penalty,red_bicycle,Red bicycle street photo,0,ses_fdd4acd8e16b,rnd_be85a7e02bbb,6,cand_193195ae338e,0,incumbent,1643779878,paper\results\oracle_incumbent_policy_compact\runs\soft_penalty\red_bicycle\repeat_1\runtime\artifacts\cand_76e90584cc90.png,True,True,False,0.903294,0.918294,0.75023
soft_penalty,soft incumbent penalty,red_bicycle,Red bicycle street photo,0,ses_fdd4acd8e16b,rnd_be85a7e02bbb,6,cand_497beb17150d,1,forward_escape,1128143681,paper\results\oracle_incumbent_policy_compact\runs\soft_penalty\red_bicycle\repeat_1\runtime\artifacts\cand_497beb17150d.png,False,False,False,0.879875,0.879875,0.676806
soft_penalty,soft incumbent penalty,red_bicycle,Red bicycle street photo,0,ses_fdd4acd8e16b,rnd_be85a7e02bbb,6,cand_adf42b783cbe,2,lateral_plus,2506994289,paper\results\oracle_incumbent_policy_compact\runs\soft_penalty\red_bicycle\repeat_1\runtime\artifacts\cand_adf42b783cbe.png,False,False,False,0.833553,0.833553,0.583432
soft_penalty,soft incumbent penalty,red_bicycle,Red bicycle street photo,0,ses_fdd4acd8e16b,rnd_be85a7e02bbb,6,cand_ebedddeaeaa9,3,lateral_minus,254103859,paper\results\oracle_incumbent_policy_compact\runs\soft_penalty\red_bicycle\repeat_1\runtime\artifacts\cand_ebedddeaeaa9.png,False,False,False,0.830521,0.830521,0.52536
soft_penalty,soft incumbent penalty,red_bicycle,Red bicycle street photo,0,ses_fdd4acd8e16b,rnd_be85a7e02bbb,6,cand_a64f54ce3820,4,counter_probe,2664169735,paper\results\oracle_incumbent_policy_compact\runs\soft_penalty\red_bicycle\repeat_1\runtime\artifacts\cand_a64f54ce3820.png,False,False,False,0.862433,0.862433,0.620413
hard_cooldown,hard incumbent cooldown,cat_portrait_bw,Black-and-white cat portrait,0,ses_cb03c4ca4daa,rnd_7efbc35ba9e9,1,cand_f7d5d8168941,0,baseline_prompt,4073509343,paper\results\oracle_incumbent_policy_compact\runs\hard_cooldown\cat_portrait_bw\repeat_1\runtime\artifacts\cand_f7d5d8168941.png,False,False,True,0.858384,0.858384,0.40229
hard_cooldown,hard incumbent cooldown,cat_portrait_bw,Black-and-white cat portrait,0,ses_cb03c4ca4daa,rnd_7efbc35ba9e9,1,cand_0bdf88457374,1,forward_escape,4000472576,paper\results\oracle_incumbent_policy_compact\runs\hard_cooldown\cat_portrait_bw\repeat_1\runtime\artifacts\cand_0bdf88457374.png,False,False,False,0.795791,0.795791,0.096822
hard_cooldown,hard incumbent cooldown,cat_portrait_bw,Black-and-white cat portrait,0,ses_cb03c4ca4daa,rnd_7efbc35ba9e9,1,cand_5edd56337b14,2,lateral_plus,294910895,paper\results\oracle_incumbent_policy_compact\runs\hard_cooldown\cat_portrait_bw\repeat_1\runtime\artifacts\cand_5edd56337b14.png,False,False,False,0.856239,0.856239,0.633312
hard_cooldown,hard incumbent cooldown,cat_portrait_bw,Black-and-white cat portrait,0,ses_cb03c4ca4daa,rnd_7efbc35ba9e9,1,cand_6430fb0fa8ad,3,lateral_minus,697023845,paper\results\oracle_incumbent_policy_compact\runs\hard_cooldown\cat_portrait_bw\repeat_1\runtime\artifacts\cand_6430fb0fa8ad.png,False,False,False,0.816121,0.816121,-0.020713
hard_cooldown,hard incumbent cooldown,cat_portrait_bw,Black-and-white cat portrait,0,ses_cb03c4ca4daa,rnd_7efbc35ba9e9,1,cand_de75abcc5e90,4,counter_probe,2864517789,paper\results\oracle_incumbent_policy_compact\runs\hard_cooldown\cat_portrait_bw\repeat_1\runtime\artifacts\cand_de75abcc5e90.png,True,False,False,0.87163,0.87163,0.388404
hard_cooldown,hard incumbent cooldown,cat_portrait_bw,Black-and-white cat portrait,0,ses_cb03c4ca4daa,rnd_17163d5100fa,2,cand_3a239ed7684c,0,incumbent,2864517789,paper\results\oracle_incumbent_policy_compact\runs\hard_cooldown\cat_portrait_bw\repeat_1\runtime\artifacts\cand_de75abcc5e90.png,True,True,False,0.87163,0.87163,0.388404
hard_cooldown,hard incumbent cooldown,cat_portrait_bw,Black-and-white cat portrait,0,ses_cb03c4ca4daa,rnd_17163d5100fa,2,cand_5abb7abd97be,1,forward_escape,4188670256,paper\results\oracle_incumbent_policy_compact\runs\hard_cooldown\cat_portrait_bw\repeat_1\runtime\artifacts\cand_5abb7abd97be.png,False,False,False,0.804527,0.804527,0.059817
hard_cooldown,hard incumbent cooldown,cat_portrait_bw,Black-and-white cat portrait,0,ses_cb03c4ca4daa,rnd_17163d5100fa,2,cand_c5d06b01b025,2,lateral_plus,3462746383,paper\results\oracle_incumbent_policy_compact\runs\hard_cooldown\cat_portrait_bw\repeat_1\runtime\artifacts\cand_c5d06b01b025.png,False,False,False,0.815883,0.815883,0.568056
hard_cooldown,hard incumbent cooldown,cat_portrait_bw,Black-and-white cat portrait,0,ses_cb03c4ca4daa,rnd_17163d5100fa,2,cand_a50ebf709c12,3,lateral_minus,295799209,paper\results\oracle_incumbent_policy_compact\runs\hard_cooldown\cat_portrait_bw\repeat_1\runtime\artifacts\cand_a50ebf709c12.png,False,False,False,0.844617,0.844617,0.291843
hard_cooldown,hard incumbent cooldown,cat_portrait_bw,Black-and-white cat portrait,0,ses_cb03c4ca4daa,rnd_17163d5100fa,2,cand_68d6aa4e3a93,4,counter_probe,966934323,paper\results\oracle_incumbent_policy_compact\runs\hard_cooldown\cat_portrait_bw\repeat_1\runtime\artifacts\cand_68d6aa4e3a93.png,False,False,False,0.826066,0.826066,0.624242
hard_cooldown,hard incumbent cooldown,cat_portrait_bw,Black-and-white cat portrait,0,ses_cb03c4ca4daa,rnd_ef92b78cb7a0,3,cand_d06a1345e289,0,incumbent,2864517789,paper\results\oracle_incumbent_policy_compact\runs\hard_cooldown\cat_portrait_bw\repeat_1\runtime\artifacts\cand_de75abcc5e90.png,False,True,False,0.87163,0.87163,0.388404
hard_cooldown,hard incumbent cooldown,cat_portrait_bw,Black-and-white cat portrait,0,ses_cb03c4ca4daa,rnd_ef92b78cb7a0,3,cand_8e79e50c21dd,1,forward_escape,1026447571,paper\results\oracle_incumbent_policy_compact\runs\hard_cooldown\cat_portrait_bw\repeat_1\runtime\artifacts\cand_8e79e50c21dd.png,False,False,False,0.829114,0.829114,0.432802
hard_cooldown,hard incumbent cooldown,cat_portrait_bw,Black-and-white cat portrait,0,ses_cb03c4ca4daa,rnd_ef92b78cb7a0,3,cand_6c8afc43e93c,2,lateral_plus,1564079371,paper\results\oracle_incumbent_policy_compact\runs\hard_cooldown\cat_portrait_bw\repeat_1\runtime\artifacts\cand_6c8afc43e93c.png,True,False,False,0.856955,0.856955,0.388575
hard_cooldown,hard incumbent cooldown,cat_portrait_bw,Black-and-white cat portrait,0,ses_cb03c4ca4daa,rnd_ef92b78cb7a0,3,cand_4fb91890a15e,3,lateral_minus,2944511547,paper\results\oracle_incumbent_policy_compact\runs\hard_cooldown\cat_portrait_bw\repeat_1\runtime\artifacts\cand_4fb91890a15e.png,False,False,False,0.80684,0.80684,0.11103
hard_cooldown,hard incumbent cooldown,cat_portrait_bw,Black-and-white cat portrait,0,ses_cb03c4ca4daa,rnd_ef92b78cb7a0,3,cand_118ae60cfabf,4,counter_probe,3695105522,paper\results\oracle_incumbent_policy_compact\runs\hard_cooldown\cat_portrait_bw\repeat_1\runtime\artifacts\cand_118ae60cfabf.png,False,False,False,0.823858,0.823858,0.0967
hard_cooldown,hard incumbent cooldown,cat_portrait_bw,Black-and-white cat portrait,0,ses_cb03c4ca4daa,rnd_0ebcd46e6103,4,cand_992169c232e5,0,incumbent,1564079371,paper\results\oracle_incumbent_policy_compact\runs\hard_cooldown\cat_portrait_bw\repeat_1\runtime\artifacts\cand_6c8afc43e93c.png,True,True,False,0.856955,0.856955,0.388575
hard_cooldown,hard incumbent cooldown,cat_portrait_bw,Black-and-white cat portrait,0,ses_cb03c4ca4daa,rnd_0ebcd46e6103,4,cand_f2fdd6861df5,1,forward_escape,3803204033,paper\results\oracle_incumbent_policy_compact\runs\hard_cooldown\cat_portrait_bw\repeat_1\runtime\artifacts\cand_f2fdd6861df5.png,False,False,False,0.850078,0.850078,0.329134
hard_cooldown,hard incumbent cooldown,cat_portrait_bw,Black-and-white cat portrait,0,ses_cb03c4ca4daa,rnd_0ebcd46e6103,4,cand_11593789ea44,2,lateral_plus,2498840974,paper\results\oracle_incumbent_policy_compact\runs\hard_cooldown\cat_portrait_bw\repeat_1\runtime\artifacts\cand_11593789ea44.png,False,False,False,0.853766,0.853766,0.03572
hard_cooldown,hard incumbent cooldown,cat_portrait_bw,Black-and-white cat portrait,0,ses_cb03c4ca4daa,rnd_0ebcd46e6103,4,cand_80825518105a,3,lateral_minus,1619715639,paper\results\oracle_incumbent_policy_compact\runs\hard_cooldown\cat_portrait_bw\repeat_1\runtime\artifacts\cand_80825518105a.png,False,False,False,0.785464,0.785464,0.505856
hard_cooldown,hard incumbent cooldown,cat_portrait_bw,Black-and-white cat portrait,0,ses_cb03c4ca4daa,rnd_0ebcd46e6103,4,cand_46f378f94e54,4,counter_probe,1517398343,paper\results\oracle_incumbent_policy_compact\runs\hard_cooldown\cat_portrait_bw\repeat_1\runtime\artifacts\cand_46f378f94e54.png,False,False,False,0.844779,0.844779,0.654137
hard_cooldown,hard incumbent cooldown,cat_portrait_bw,Black-and-white cat portrait,0,ses_cb03c4ca4daa,rnd_fdccdd09c399,5,cand_79ce8529e82b,0,incumbent,1564079371,paper\results\oracle_incumbent_policy_compact\runs\hard_cooldown\cat_portrait_bw\repeat_1\runtime\artifacts\cand_6c8afc43e93c.png,False,True,False,0.856955,0.856955,0.388575
hard_cooldown,hard incumbent cooldown,cat_portrait_bw,Black-and-white cat portrait,0,ses_cb03c4ca4daa,rnd_fdccdd09c399,5,cand_73ec438ae30f,1,forward_escape,2719096454,paper\results\oracle_incumbent_policy_compact\runs\hard_cooldown\cat_portrait_bw\repeat_1\runtime\artifacts\cand_73ec438ae30f.png,False,False,False,0.85604,0.85604,0.624554
hard_cooldown,hard incumbent cooldown,cat_portrait_bw,Black-and-white cat portrait,0,ses_cb03c4ca4daa,rnd_fdccdd09c399,5,cand_20e74c94f1fe,2,lateral_plus,2931599654,paper\results\oracle_incumbent_policy_compact\runs\hard_cooldown\cat_portrait_bw\repeat_1\runtime\artifacts\cand_20e74c94f1fe.png,False,False,False,0.887021,0.887021,0.093829
hard_cooldown,hard incumbent cooldown,cat_portrait_bw,Black-and-white cat portrait,0,ses_cb03c4ca4daa,rnd_fdccdd09c399,5,cand_026a27a90779,3,lateral_minus,2448332734,paper\results\oracle_incumbent_policy_compact\runs\hard_cooldown\cat_portrait_bw\repeat_1\runtime\artifacts\cand_026a27a90779.png,True,False,False,0.890628,0.890628,0.596889
hard_cooldown,hard incumbent cooldown,cat_portrait_bw,Black-and-white cat portrait,0,ses_cb03c4ca4daa,rnd_fdccdd09c399,5,cand_f35312bc0919,4,counter_probe,4022942883,paper\results\oracle_incumbent_policy_compact\runs\hard_cooldown\cat_portrait_bw\repeat_1\runtime\artifacts\cand_f35312bc0919.png,False,False,False,0.795196,0.795196,0.132739
hard_cooldown,hard incumbent cooldown,cat_portrait_bw,Black-and-white cat portrait,0,ses_cb03c4ca4daa,rnd_2e71f48e4d70,6,cand_1106744aaef8,0,incumbent,2448332734,paper\results\oracle_incumbent_policy_compact\runs\hard_cooldown\cat_portrait_bw\repeat_1\runtime\artifacts\cand_026a27a90779.png,True,True,False,0.890628,0.890628,0.596889
hard_cooldown,hard incumbent cooldown,cat_portrait_bw,Black-and-white cat portrait,0,ses_cb03c4ca4daa,rnd_2e71f48e4d70,6,cand_9ef78bca4d3b,1,forward_escape,3532072855,paper\results\oracle_incumbent_policy_compact\runs\hard_cooldown\cat_portrait_bw\repeat_1\runtime\artifacts\cand_9ef78bca4d3b.png,False,False,False,0.845585,0.845585,0.093555
hard_cooldown,hard incumbent cooldown,cat_portrait_bw,Black-and-white cat portrait,0,ses_cb03c4ca4daa,rnd_2e71f48e4d70,6,cand_53ac1b53f741,2,lateral_plus,2443309445,paper\results\oracle_incumbent_policy_compact\runs\hard_cooldown\cat_portrait_bw\repeat_1\runtime\artifacts\cand_53ac1b53f741.png,False,False,False,0.865941,0.865941,0.203314
hard_cooldown,hard incumbent cooldown,cat_portrait_bw,Black-and-white cat portrait,0,ses_cb03c4ca4daa,rnd_2e71f48e4d70,6,cand_520589366274,3,lateral_minus,1111113377,paper\results\oracle_incumbent_policy_compact\runs\hard_cooldown\cat_portrait_bw\repeat_1\runtime\artifacts\cand_520589366274.png,False,False,False,0.823674,0.823674,0.067335
hard_cooldown,hard incumbent cooldown,cat_portrait_bw,Black-and-white cat portrait,0,ses_cb03c4ca4daa,rnd_2e71f48e4d70,6,cand_16ce3cad145c,4,counter_probe,2859890976,paper\results\oracle_incumbent_policy_compact\runs\hard_cooldown\cat_portrait_bw\repeat_1\runtime\artifacts\cand_16ce3cad145c.png,False,False,False,0.813736,0.813736,0.151897
hard_cooldown,hard incumbent cooldown,mountain_lake,Mountain lake landscape,0,ses_06d79bbef8c7,rnd_1948f5290286,1,cand_fe2824f2fe68,0,baseline_prompt,233584444,paper\results\oracle_incumbent_policy_compact\runs\hard_cooldown\mountain_lake\repeat_1\runtime\artifacts\cand_fe2824f2fe68.png,False,False,True,0.749741,0.749741,0.311382
hard_cooldown,hard incumbent cooldown,mountain_lake,Mountain lake landscape,0,ses_06d79bbef8c7,rnd_1948f5290286,1,cand_1ff3d7f3a8dc,1,forward_escape,3832835533,paper\results\oracle_incumbent_policy_compact\runs\hard_cooldown\mountain_lake\repeat_1\runtime\artifacts\cand_1ff3d7f3a8dc.png,False,False,False,0.801026,0.801026,0.394118
hard_cooldown,hard incumbent cooldown,mountain_lake,Mountain lake landscape,0,ses_06d79bbef8c7,rnd_1948f5290286,1,cand_fa8f684c0d95,2,lateral_plus,2315448016,paper\results\oracle_incumbent_policy_compact\runs\hard_cooldown\mountain_lake\repeat_1\runtime\artifacts\cand_fa8f684c0d95.png,False,False,False,0.793387,0.793387,0.227112
hard_cooldown,hard incumbent cooldown,mountain_lake,Mountain lake landscape,0,ses_06d79bbef8c7,rnd_1948f5290286,1,cand_4c5d06ea1e6f,3,lateral_minus,2174355323,paper\results\oracle_incumbent_policy_compact\runs\hard_cooldown\mountain_lake\repeat_1\runtime\artifacts\cand_4c5d06ea1e6f.png,False,False,False,0.730483,0.730483,0.14389
hard_cooldown,hard incumbent cooldown,mountain_lake,Mountain lake landscape,0,ses_06d79bbef8c7,rnd_1948f5290286,1,cand_07c2c023ec46,4,counter_probe,1939516915,paper\results\oracle_incumbent_policy_compact\runs\hard_cooldown\mountain_lake\repeat_1\runtime\artifacts\cand_07c2c023ec46.png,True,False,False,0.818609,0.818609,0.384423
hard_cooldown,hard incumbent cooldown,mountain_lake,Mountain lake landscape,0,ses_06d79bbef8c7,rnd_6d3bed3c3c87,2,cand_1fed2aafb57f,0,incumbent,1939516915,paper\results\oracle_incumbent_policy_compact\runs\hard_cooldown\mountain_lake\repeat_1\runtime\artifacts\cand_07c2c023ec46.png,False,True,False,0.818609,0.818609,0.384423
hard_cooldown,hard incumbent cooldown,mountain_lake,Mountain lake landscape,0,ses_06d79bbef8c7,rnd_6d3bed3c3c87,2,cand_6adb8a623e87,1,forward_escape,4082921740,paper\results\oracle_incumbent_policy_compact\runs\hard_cooldown\mountain_lake\repeat_1\runtime\artifacts\cand_6adb8a623e87.png,True,False,False,0.825244,0.825244,0.516148
hard_cooldown,hard incumbent cooldown,mountain_lake,Mountain lake landscape,0,ses_06d79bbef8c7,rnd_6d3bed3c3c87,2,cand_f7f38d53f975,2,lateral_plus,2663928734,paper\results\oracle_incumbent_policy_compact\runs\hard_cooldown\mountain_lake\repeat_1\runtime\artifacts\cand_f7f38d53f975.png,False,False,False,0.820228,0.820228,0.366938
hard_cooldown,hard incumbent cooldown,mountain_lake,Mountain lake landscape,0,ses_06d79bbef8c7,rnd_6d3bed3c3c87,2,cand_d986089c7238,3,lateral_minus,2438691092,paper\results\oracle_incumbent_policy_compact\runs\hard_cooldown\mountain_lake\repeat_1\runtime\artifacts\cand_d986089c7238.png,False,False,False,0.727339,0.727339,0.135592
hard_cooldown,hard incumbent cooldown,mountain_lake,Mountain lake landscape,0,ses_06d79bbef8c7,rnd_6d3bed3c3c87,2,cand_2fa2f041170e,4,counter_probe,3152129292,paper\results\oracle_incumbent_policy_compact\runs\hard_cooldown\mountain_lake\repeat_1\runtime\artifacts\cand_2fa2f041170e.png,False,False,False,0.821971,0.821971,0.341696
hard_cooldown,hard incumbent cooldown,mountain_lake,Mountain lake landscape,0,ses_06d79bbef8c7,rnd_47caf0a43429,3,cand_4785862eddcd,0,incumbent,4082921740,paper\results\oracle_incumbent_policy_compact\runs\hard_cooldown\mountain_lake\repeat_1\runtime\artifacts\cand_6adb8a623e87.png,False,True,False,0.825244,0.825244,0.516148
hard_cooldown,hard incumbent cooldown,mountain_lake,Mountain lake landscape,0,ses_06d79bbef8c7,rnd_47caf0a43429,3,cand_9e8d0be1dedd,1,forward_escape,368883175,paper\results\oracle_incumbent_policy_compact\runs\hard_cooldown\mountain_lake\repeat_1\runtime\artifacts\cand_9e8d0be1dedd.png,False,False,False,0.764148,0.764148,0.105959
hard_cooldown,hard incumbent cooldown,mountain_lake,Mountain lake landscape,0,ses_06d79bbef8c7,rnd_47caf0a43429,3,cand_9c6260803f0b,2,lateral_plus,1477011988,paper\results\oracle_incumbent_policy_compact\runs\hard_cooldown\mountain_lake\repeat_1\runtime\artifacts\cand_9c6260803f0b.png,False,False,False,0.803094,0.803094,0.338054
hard_cooldown,hard incumbent cooldown,mountain_lake,Mountain lake landscape,0,ses_06d79bbef8c7,rnd_47caf0a43429,3,cand_5802603a29e0,3,lateral_minus,2391287637,paper\results\oracle_incumbent_policy_compact\runs\hard_cooldown\mountain_lake\repeat_1\runtime\artifacts\cand_5802603a29e0.png,False,False,False,0.734718,0.734718,0.241765
hard_cooldown,hard incumbent cooldown,mountain_lake,Mountain lake landscape,0,ses_06d79bbef8c7,rnd_47caf0a43429,3,cand_671ac6185b1a,4,counter_probe,2224139867,paper\results\oracle_incumbent_policy_compact\runs\hard_cooldown\mountain_lake\repeat_1\runtime\artifacts\cand_671ac6185b1a.png,True,False,False,0.845383,0.845383,0.457148
hard_cooldown,hard incumbent cooldown,mountain_lake,Mountain lake landscape,0,ses_06d79bbef8c7,rnd_af1ad8bc9dea,4,cand_233646130ee1,0,incumbent,2224139867,paper\results\oracle_incumbent_policy_compact\runs\hard_cooldown\mountain_lake\repeat_1\runtime\artifacts\cand_671ac6185b1a.png,True,True,False,0.845383,0.845383,0.457148
hard_cooldown,hard incumbent cooldown,mountain_lake,Mountain lake landscape,0,ses_06d79bbef8c7,rnd_af1ad8bc9dea,4,cand_3563f239e4a4,1,forward_escape,1178758507,paper\results\oracle_incumbent_policy_compact\runs\hard_cooldown\mountain_lake\repeat_1\runtime\artifacts\cand_3563f239e4a4.png,False,False,False,0.832693,0.832693,0.398269
hard_cooldown,hard incumbent cooldown,mountain_lake,Mountain lake landscape,0,ses_06d79bbef8c7,rnd_af1ad8bc9dea,4,cand_90c9d7393690,2,lateral_plus,4012907177,paper\results\oracle_incumbent_policy_compact\runs\hard_cooldown\mountain_lake\repeat_1\runtime\artifacts\cand_90c9d7393690.png,False,False,False,0.818508,0.818508,0.507978
hard_cooldown,hard incumbent cooldown,mountain_lake,Mountain lake landscape,0,ses_06d79bbef8c7,rnd_af1ad8bc9dea,4,cand_eeedfc6dadb3,3,lateral_minus,4154467122,paper\results\oracle_incumbent_policy_compact\runs\hard_cooldown\mountain_lake\repeat_1\runtime\artifacts\cand_eeedfc6dadb3.png,False,False,False,0.740224,0.740224,0.250918
hard_cooldown,hard incumbent cooldown,mountain_lake,Mountain lake landscape,0,ses_06d79bbef8c7,rnd_af1ad8bc9dea,4,cand_899ac5eb0073,4,counter_probe,1782925703,paper\results\oracle_incumbent_policy_compact\runs\hard_cooldown\mountain_lake\repeat_1\runtime\artifacts\cand_899ac5eb0073.png,False,False,False,0.796285,0.796285,0.280316
hard_cooldown,hard incumbent cooldown,mountain_lake,Mountain lake landscape,0,ses_06d79bbef8c7,rnd_d5fe58bcb219,5,cand_1fe0cc97a77b,0,incumbent,2224139867,paper\results\oracle_incumbent_policy_compact\runs\hard_cooldown\mountain_lake\repeat_1\runtime\artifacts\cand_671ac6185b1a.png,False,True,False,0.845383,0.845383,0.457148
hard_cooldown,hard incumbent cooldown,mountain_lake,Mountain lake landscape,0,ses_06d79bbef8c7,rnd_d5fe58bcb219,5,cand_294fa1807c02,1,forward_escape,1412668349,paper\results\oracle_incumbent_policy_compact\runs\hard_cooldown\mountain_lake\repeat_1\runtime\artifacts\cand_294fa1807c02.png,False,False,False,0.778968,0.778968,0.316055
hard_cooldown,hard incumbent cooldown,mountain_lake,Mountain lake landscape,0,ses_06d79bbef8c7,rnd_d5fe58bcb219,5,cand_3699dc23ec68,2,lateral_plus,2194971637,paper\results\oracle_incumbent_policy_compact\runs\hard_cooldown\mountain_lake\repeat_1\runtime\artifacts\cand_3699dc23ec68.png,False,False,False,0.804756,0.804756,0.307418
hard_cooldown,hard incumbent cooldown,mountain_lake,Mountain lake landscape,0,ses_06d79bbef8c7,rnd_d5fe58bcb219,5,cand_e2df4bf76542,3,lateral_minus,2744247824,paper\results\oracle_incumbent_policy_compact\runs\hard_cooldown\mountain_lake\repeat_1\runtime\artifacts\cand_e2df4bf76542.png,False,False,False,0.717597,0.717597,0.13873
hard_cooldown,hard incumbent cooldown,mountain_lake,Mountain lake landscape,0,ses_06d79bbef8c7,rnd_d5fe58bcb219,5,cand_8bbf72443e5c,4,counter_probe,439373926,paper\results\oracle_incumbent_policy_compact\runs\hard_cooldown\mountain_lake\repeat_1\runtime\artifacts\cand_8bbf72443e5c.png,True,False,False,0.822388,0.822388,0.41483
hard_cooldown,hard incumbent cooldown,mountain_lake,Mountain lake landscape,0,ses_06d79bbef8c7,rnd_c126d46b608b,6,cand_aa2108a90bda,0,incumbent,439373926,paper\results\oracle_incumbent_policy_compact\runs\hard_cooldown\mountain_lake\repeat_1\runtime\artifacts\cand_8bbf72443e5c.png,True,True,False,0.822388,0.822388,0.41483
hard_cooldown,hard incumbent cooldown,mountain_lake,Mountain lake landscape,0,ses_06d79bbef8c7,rnd_c126d46b608b,6,cand_e0254cfaa26f,1,forward_escape,2809722947,paper\results\oracle_incumbent_policy_compact\runs\hard_cooldown\mountain_lake\repeat_1\runtime\artifacts\cand_e0254cfaa26f.png,False,False,False,0.764863,0.764863,0.24989
hard_cooldown,hard incumbent cooldown,mountain_lake,Mountain lake landscape,0,ses_06d79bbef8c7,rnd_c126d46b608b,6,cand_171d8473fbd4,2,lateral_plus,2736995162,paper\results\oracle_incumbent_policy_compact\runs\hard_cooldown\mountain_lake\repeat_1\runtime\artifacts\cand_171d8473fbd4.png,False,False,False,0.811571,0.811571,0.348839
hard_cooldown,hard incumbent cooldown,mountain_lake,Mountain lake landscape,0,ses_06d79bbef8c7,rnd_c126d46b608b,6,cand_5dd83d347d8f,3,lateral_minus,123198910,paper\results\oracle_incumbent_policy_compact\runs\hard_cooldown\mountain_lake\repeat_1\runtime\artifacts\cand_5dd83d347d8f.png,False,False,False,0.821867,0.821867,0.424085
hard_cooldown,hard incumbent cooldown,mountain_lake,Mountain lake landscape,0,ses_06d79bbef8c7,rnd_c126d46b608b,6,cand_1ffa27647faa,4,counter_probe,4084166829,paper\results\oracle_incumbent_policy_compact\runs\hard_cooldown\mountain_lake\repeat_1\runtime\artifacts\cand_1ffa27647faa.png,False,False,False,0.76289,0.76289,0.385036
hard_cooldown,hard incumbent cooldown,red_bicycle,Red bicycle street photo,0,ses_d6b574cb813a,rnd_97a5e915477d,1,cand_a95161024480,0,baseline_prompt,478840255,paper\results\oracle_incumbent_policy_compact\runs\hard_cooldown\red_bicycle\repeat_1\runtime\artifacts\cand_a95161024480.png,True,False,True,0.893214,0.893214,0.692659
hard_cooldown,hard incumbent cooldown,red_bicycle,Red bicycle street photo,0,ses_d6b574cb813a,rnd_97a5e915477d,1,cand_cf33402dd645,1,forward_escape,835931563,paper\results\oracle_incumbent_policy_compact\runs\hard_cooldown\red_bicycle\repeat_1\runtime\artifacts\cand_cf33402dd645.png,False,False,False,0.826869,0.826869,0.589738
hard_cooldown,hard incumbent cooldown,red_bicycle,Red bicycle street photo,0,ses_d6b574cb813a,rnd_97a5e915477d,1,cand_902e848977a8,2,lateral_plus,1783495582,paper\results\oracle_incumbent_policy_compact\runs\hard_cooldown\red_bicycle\repeat_1\runtime\artifacts\cand_902e848977a8.png,False,False,False,0.826286,0.826286,0.656672
hard_cooldown,hard incumbent cooldown,red_bicycle,Red bicycle street photo,0,ses_d6b574cb813a,rnd_97a5e915477d,1,cand_cc8512fcfcbc,3,lateral_minus,1950836006,paper\results\oracle_incumbent_policy_compact\runs\hard_cooldown\red_bicycle\repeat_1\runtime\artifacts\cand_cc8512fcfcbc.png,False,False,False,0.874418,0.874418,0.709108
hard_cooldown,hard incumbent cooldown,red_bicycle,Red bicycle street photo,0,ses_d6b574cb813a,rnd_97a5e915477d,1,cand_a3d5c0b69c7b,4,counter_probe,2969271426,paper\results\oracle_incumbent_policy_compact\runs\hard_cooldown\red_bicycle\repeat_1\runtime\artifacts\cand_a3d5c0b69c7b.png,False,False,False,0.875499,0.875499,0.68684
hard_cooldown,hard incumbent cooldown,red_bicycle,Red bicycle street photo,0,ses_d6b574cb813a,rnd_42c0a098cc15,2,cand_5735efb527d8,0,incumbent,478840255,paper\results\oracle_incumbent_policy_compact\runs\hard_cooldown\red_bicycle\repeat_1\runtime\artifacts\cand_a95161024480.png,True,True,True,0.893214,0.893214,0.692659
hard_cooldown,hard incumbent cooldown,red_bicycle,Red bicycle street photo,0,ses_d6b574cb813a,rnd_42c0a098cc15,2,cand_e065ee480511,1,forward_escape,2226589058,paper\results\oracle_incumbent_policy_compact\runs\hard_cooldown\red_bicycle\repeat_1\runtime\artifacts\cand_e065ee480511.png,False,False,False,0.847522,0.847522,0.717344
hard_cooldown,hard incumbent cooldown,red_bicycle,Red bicycle street photo,0,ses_d6b574cb813a,rnd_42c0a098cc15,2,cand_6af9082e8df3,2,lateral_plus,1234859686,paper\results\oracle_incumbent_policy_compact\runs\hard_cooldown\red_bicycle\repeat_1\runtime\artifacts\cand_6af9082e8df3.png,False,False,False,0.81998,0.81998,0.567653
hard_cooldown,hard incumbent cooldown,red_bicycle,Red bicycle street photo,0,ses_d6b574cb813a,rnd_42c0a098cc15,2,cand_de0784798c5e,3,lateral_minus,416916509,paper\results\oracle_incumbent_policy_compact\runs\hard_cooldown\red_bicycle\repeat_1\runtime\artifacts\cand_de0784798c5e.png,False,False,False,0.877765,0.877765,0.635843
hard_cooldown,hard incumbent cooldown,red_bicycle,Red bicycle street photo,0,ses_d6b574cb813a,rnd_42c0a098cc15,2,cand_27a0ef29eff0,4,counter_probe,4145780047,paper\results\oracle_incumbent_policy_compact\runs\hard_cooldown\red_bicycle\repeat_1\runtime\artifacts\cand_27a0ef29eff0.png,False,False,False,0.860459,0.860459,0.682513
hard_cooldown,hard incumbent cooldown,red_bicycle,Red bicycle street photo,0,ses_d6b574cb813a,rnd_f9993496448b,3,cand_b47efa5dbb80,0,incumbent,478840255,paper\results\oracle_incumbent_policy_compact\runs\hard_cooldown\red_bicycle\repeat_1\runtime\artifacts\cand_a95161024480.png,False,True,True,0.893214,0.893214,0.692659
hard_cooldown,hard incumbent cooldown,red_bicycle,Red bicycle street photo,0,ses_d6b574cb813a,rnd_f9993496448b,3,cand_54b805058182,1,forward_escape,2933329045,paper\results\oracle_incumbent_policy_compact\runs\hard_cooldown\red_bicycle\repeat_1\runtime\artifacts\cand_54b805058182.png,False,False,False,0.8457,0.8457,0.60177
hard_cooldown,hard incumbent cooldown,red_bicycle,Red bicycle street photo,0,ses_d6b574cb813a,rnd_f9993496448b,3,cand_90a3fc0823a5,2,lateral_plus,570237480,paper\results\oracle_incumbent_policy_compact\runs\hard_cooldown\red_bicycle\repeat_1\runtime\artifacts\cand_90a3fc0823a5.png,True,False,False,0.87984,0.87984,0.646398
hard_cooldown,hard incumbent cooldown,red_bicycle,Red bicycle street photo,0,ses_d6b574cb813a,rnd_f9993496448b,3,cand_9d82d7975544,3,lateral_minus,205313358,paper\results\oracle_incumbent_policy_compact\runs\hard_cooldown\red_bicycle\repeat_1\runtime\artifacts\cand_9d82d7975544.png,False,False,False,0.853267,0.853267,0.664614
hard_cooldown,hard incumbent cooldown,red_bicycle,Red bicycle street photo,0,ses_d6b574cb813a,rnd_f9993496448b,3,cand_165a2f0f035c,4,counter_probe,3251627673,paper\results\oracle_incumbent_policy_compact\runs\hard_cooldown\red_bicycle\repeat_1\runtime\artifacts\cand_165a2f0f035c.png,False,False,False,0.854975,0.854975,0.664979
hard_cooldown,hard incumbent cooldown,red_bicycle,Red bicycle street photo,0,ses_d6b574cb813a,rnd_da484b1226b1,4,cand_2e4caec744f1,0,incumbent,570237480,paper\results\oracle_incumbent_policy_compact\runs\hard_cooldown\red_bicycle\repeat_1\runtime\artifacts\cand_90a3fc0823a5.png,True,True,False,0.87984,0.87984,0.646398
hard_cooldown,hard incumbent cooldown,red_bicycle,Red bicycle street photo,0,ses_d6b574cb813a,rnd_da484b1226b1,4,cand_c117bffe6315,1,forward_escape,2250213756,paper\results\oracle_incumbent_policy_compact\runs\hard_cooldown\red_bicycle\repeat_1\runtime\artifacts\cand_c117bffe6315.png,False,False,False,0.787393,0.787393,0.561754
hard_cooldown,hard incumbent cooldown,red_bicycle,Red bicycle street photo,0,ses_d6b574cb813a,rnd_da484b1226b1,4,cand_a40c30e41d81,2,lateral_plus,2004044428,paper\results\oracle_incumbent_policy_compact\runs\hard_cooldown\red_bicycle\repeat_1\runtime\artifacts\cand_a40c30e41d81.png,False,False,False,0.840602,0.840602,0.376382
hard_cooldown,hard incumbent cooldown,red_bicycle,Red bicycle street photo,0,ses_d6b574cb813a,rnd_da484b1226b1,4,cand_3a90b78002a6,3,lateral_minus,3429158028,paper\results\oracle_incumbent_policy_compact\runs\hard_cooldown\red_bicycle\repeat_1\runtime\artifacts\cand_3a90b78002a6.png,False,False,False,0.779336,0.779336,0.532708
hard_cooldown,hard incumbent cooldown,red_bicycle,Red bicycle street photo,0,ses_d6b574cb813a,rnd_da484b1226b1,4,cand_60b00b245ab9,4,counter_probe,720615117,paper\results\oracle_incumbent_policy_compact\runs\hard_cooldown\red_bicycle\repeat_1\runtime\artifacts\cand_60b00b245ab9.png,False,False,False,0.87095,0.87095,0.700748
hard_cooldown,hard incumbent cooldown,red_bicycle,Red bicycle street photo,0,ses_d6b574cb813a,rnd_74bcd1644aef,5,cand_93985b99d44c,0,incumbent,570237480,paper\results\oracle_incumbent_policy_compact\runs\hard_cooldown\red_bicycle\repeat_1\runtime\artifacts\cand_90a3fc0823a5.png,False,True,False,0.87984,0.87984,0.646398
hard_cooldown,hard incumbent cooldown,red_bicycle,Red bicycle street photo,0,ses_d6b574cb813a,rnd_74bcd1644aef,5,cand_ff30e8f008eb,1,forward_escape,3171095789,paper\results\oracle_incumbent_policy_compact\runs\hard_cooldown\red_bicycle\repeat_1\runtime\artifacts\cand_ff30e8f008eb.png,False,False,False,0.797795,0.797795,0.480391
hard_cooldown,hard incumbent cooldown,red_bicycle,Red bicycle street photo,0,ses_d6b574cb813a,rnd_74bcd1644aef,5,cand_f3f5f0fd6754,2,lateral_plus,2178537875,paper\results\oracle_incumbent_policy_compact\runs\hard_cooldown\red_bicycle\repeat_1\runtime\artifacts\cand_f3f5f0fd6754.png,False,False,False,0.84758,0.84758,0.643723
hard_cooldown,hard incumbent cooldown,red_bicycle,Red bicycle street photo,0,ses_d6b574cb813a,rnd_74bcd1644aef,5,cand_32ad851d9f0f,3,lateral_minus,3241887475,paper\results\oracle_incumbent_policy_compact\runs\hard_cooldown\red_bicycle\repeat_1\runtime\artifacts\cand_32ad851d9f0f.png,True,False,False,0.85575,0.85575,0.680892
hard_cooldown,hard incumbent cooldown,red_bicycle,Red bicycle street photo,0,ses_d6b574cb813a,rnd_74bcd1644aef,5,cand_3f62c1ef4d81,4,counter_probe,1189856112,paper\results\oracle_incumbent_policy_compact\runs\hard_cooldown\red_bicycle\repeat_1\runtime\artifacts\cand_3f62c1ef4d81.png,False,False,False,0.803491,0.803491,0.605948
hard_cooldown,hard incumbent cooldown,red_bicycle,Red bicycle street photo,0,ses_d6b574cb813a,rnd_49e6a0a86586,6,cand_0f2e0bb6b080,0,incumbent,3241887475,paper\results\oracle_incumbent_policy_compact\runs\hard_cooldown\red_bicycle\repeat_1\runtime\artifacts\cand_32ad851d9f0f.png,True,True,False,0.85575,0.85575,0.680892
hard_cooldown,hard incumbent cooldown,red_bicycle,Red bicycle street photo,0,ses_d6b574cb813a,rnd_49e6a0a86586,6,cand_81e9fc485873,1,forward_escape,1170203295,paper\results\oracle_incumbent_policy_compact\runs\hard_cooldown\red_bicycle\repeat_1\runtime\artifacts\cand_81e9fc485873.png,False,False,False,0.85262,0.85262,0.624924
hard_cooldown,hard incumbent cooldown,red_bicycle,Red bicycle street photo,0,ses_d6b574cb813a,rnd_49e6a0a86586,6,cand_66e408c4b33b,2,lateral_plus,1730726431,paper\results\oracle_incumbent_policy_compact\runs\hard_cooldown\red_bicycle\repeat_1\runtime\artifacts\cand_66e408c4b33b.png,False,False,False,0.760909,0.760909,0.542218
hard_cooldown,hard incumbent cooldown,red_bicycle,Red bicycle street photo,0,ses_d6b574cb813a,rnd_49e6a0a86586,6,cand_4c1f88e0ff57,3,lateral_minus,631486800,paper\results\oracle_incumbent_policy_compact\runs\hard_cooldown\red_bicycle\repeat_1\runtime\artifacts\cand_4c1f88e0ff57.png,False,False,False,0.853299,0.853299,0.64911
hard_cooldown,hard incumbent cooldown,red_bicycle,Red bicycle street photo,0,ses_d6b574cb813a,rnd_49e6a0a86586,6,cand_d2ec43b6a284,4,counter_probe,1788762758,paper\results\oracle_incumbent_policy_compact\runs\hard_cooldown\red_bicycle\repeat_1\runtime\artifacts\cand_d2ec43b6a284.png,False,False,False,0.818737,0.818737,0.682922
